dataset_id,collection,official_split,model_split,source_las,raw_raster,gt_raster,gt_vector,image,label,width,height,crs,transform
CULS_plot_1_annotated,CULS,dev,val,/home/maciej.wielgosz/Projects/segm/FOR-instance/CULS/plot_1_annotated.las,/home/maciej.wielgosz/Projects/segm/DL_model_version/artifacts/physical_3band_0p5m/CULS_plot_1_annotated.tif,/home/maciej.wielgosz/Projects/segm/DL_model_version/reused/for_instance_chm_gt_0p5m/topmost_gt_CULS_plot_1_annotated.tif,/home/maciej.wielgosz/Projects/segm/DL_model_version/reused/for_instance_chm_gt_0p5m/topmost_gt_CULS_plot_1_annotated.gpkg,/home/maciej.wielgosz/Projects/segm/DL_model_version/dataset/images/val/CULS_plot_1_annotated.png,/home/maciej.wielgosz/Projects/segm/DL_model_version/dataset/labels/val/CULS_plot_1_annotated.txt,57,64,EPSG:25833,"0.5,0.0,480580.0,0.0,-0.5,5601172.0"
CULS_plot_2_annotated,CULS,test,test,/home/maciej.wielgosz/Projects/segm/FOR-instance/CULS/plot_2_annotated.las,/home/maciej.wielgosz/Projects/segm/DL_model_version/artifacts/physical_3band_0p5m/CULS_plot_2_annotated.tif,/home/maciej.wielgosz/Projects/segm/DL_model_version/reused/for_instance_chm_gt_0p5m/topmost_gt_CULS_plot_2_annotated.tif,/home/maciej.wielgosz/Projects/segm/DL_model_version/reused/for_instance_chm_gt_0p5m/topmost_gt_CULS_plot_2_annotated.gpkg,/home/maciej.wielgosz/Projects/segm/DL_model_version/dataset/images/test/CULS_plot_2_annotated.png,/home/maciej.wielgosz/Projects/segm/DL_model_version/dataset/labels/test/CULS_plot_2_annotated.txt,69,73,EPSG:25833,"0.5,0.0,480580.0,0.0,-0.5,5601218.5"
CULS_plot_3_annotated,CULS,dev,train,/home/maciej.wielgosz/Projects/segm/FOR-instance/CULS/plot_3_annotated.las,/home/maciej.wielgosz/Projects/segm/DL_model_version/artifacts/physical_3band_0p5m/CULS_plot_3_annotated.tif,/home/maciej.wielgosz/Projects/segm/DL_model_version/reused/for_instance_chm_gt_0p5m/topmost_gt_CULS_plot_3_annotated.tif,/home/maciej.wielgosz/Projects/segm/DL_model_version/reused/for_instance_chm_gt_0p5m/topmost_gt_CULS_plot_3_annotated.gpkg,/home/maciej.wielgosz/Projects/segm/DL_model_version/dataset/images/train/CULS_plot_3_annotated.png,/home/maciej.wielgosz/Projects/segm/DL_model_version/dataset/labels/train/CULS_plot_3_annotated.txt,70,71,EPSG:25833,"0.5,0.0,480585.0,0.0,-0.5,5601270.0"
NIBIO_plot_1_annotated,NIBIO,test,test,/home/maciej.wielgosz/Projects/segm/FOR-instance/NIBIO/plot_1_annotated.las,/home/maciej.wielgosz/Projects/segm/DL_model_version/artifacts/physical_3band_0p5m/NIBIO_plot_1_annotated.tif,/home/maciej.wielgosz/Projects/segm/DL_model_version/reused/for_instance_chm_gt_0p5m/topmost_gt_NIBIO_plot_1_annotated.tif,/home/maciej.wielgosz/Projects/segm/DL_model_version/reused/for_instance_chm_gt_0p5m/topmost_gt_NIBIO_plot_1_annotated.gpkg,/home/maciej.wielgosz/Projects/segm/DL_model_version/dataset/images/test/NIBIO_plot_1_annotated.png,/home/maciej.wielgosz/Projects/segm/DL_model_version/dataset/labels/test/NIBIO_plot_1_annotated.txt,56,57,EPSG:25832,"0.5,0.0,599054.0,0.0,-0.5,6655088.0"
NIBIO_plot_10_annotated,NIBIO,dev,train,/home/maciej.wielgosz/Projects/segm/FOR-instance/NIBIO/plot_10_annotated.las,/home/maciej.wielgosz/Projects/segm/DL_model_version/artifacts/physical_3band_0p5m/NIBIO_plot_10_annotated.tif,/home/maciej.wielgosz/Projects/segm/DL_model_version/reused/for_instance_chm_gt_0p5m/topmost_gt_NIBIO_plot_10_annotated.tif,/home/maciej.wielgosz/Projects/segm/DL_model_version/reused/for_instance_chm_gt_0p5m/topmost_gt_NIBIO_plot_10_annotated.gpkg,/home/maciej.wielgosz/Projects/segm/DL_model_version/dataset/images/train/NIBIO_plot_10_annotated.png,/home/maciej.wielgosz/Projects/segm/DL_model_version/dataset/labels/train/NIBIO_plot_10_annotated.txt,57,57,EPSG:25832,"0.5,0.0,599082.0,0.0,-0.5,6655179.0"
NIBIO_plot_11_annotated,NIBIO,dev,train,/home/maciej.wielgosz/Projects/segm/FOR-instance/NIBIO/plot_11_annotated.las,/home/maciej.wielgosz/Projects/segm/DL_model_version/artifacts/physical_3band_0p5m/NIBIO_plot_11_annotated.tif,/home/maciej.wielgosz/Projects/segm/DL_model_version/reused/for_instance_chm_gt_0p5m/topmost_gt_NIBIO_plot_11_annotated.tif,/home/maciej.wielgosz/Projects/segm/DL_model_version/reused/for_instance_chm_gt_0p5m/topmost_gt_NIBIO_plot_11_annotated.gpkg,/home/maciej.wielgosz/Projects/segm/DL_model_version/dataset/images/train/NIBIO_plot_11_annotated.png,/home/maciej.wielgosz/Projects/segm/DL_model_version/dataset/labels/train/NIBIO_plot_11_annotated.txt,56,57,EPSG:25832,"0.5,0.0,599129.5,0.0,-0.5,6655592.0"
NIBIO_plot_12_annotated,NIBIO,dev,train,/home/maciej.wielgosz/Projects/segm/FOR-instance/NIBIO/plot_12_annotated.las,/home/maciej.wielgosz/Projects/segm/DL_model_version/artifacts/physical_3band_0p5m/NIBIO_plot_12_annotated.tif,/home/maciej.wielgosz/Projects/segm/DL_model_version/reused/for_instance_chm_gt_0p5m/topmost_gt_NIBIO_plot_12_annotated.tif,/home/maciej.wielgosz/Projects/segm/DL_model_version/reused/for_instance_chm_gt_0p5m/topmost_gt_NIBIO_plot_12_annotated.gpkg,/home/maciej.wielgosz/Projects/segm/DL_model_version/dataset/images/train/NIBIO_plot_12_annotated.png,/home/maciej.wielgosz/Projects/segm/DL_model_version/dataset/labels/train/NIBIO_plot_12_annotated.txt,57,57,EPSG:25832,"0.5,0.0,599129.0,0.0,-0.5,6655616.0"
NIBIO_plot_13_annotated,NIBIO,dev,val,/home/maciej.wielgosz/Projects/segm/FOR-instance/NIBIO/plot_13_annotated.las,/home/maciej.wielgosz/Projects/segm/DL_model_version/artifacts/physical_3band_0p5m/NIBIO_plot_13_annotated.tif,/home/maciej.wielgosz/Projects/segm/DL_model_version/reused/for_instance_chm_gt_0p5m/topmost_gt_NIBIO_plot_13_annotated.tif,/home/maciej.wielgosz/Projects/segm/DL_model_version/reused/for_instance_chm_gt_0p5m/topmost_gt_NIBIO_plot_13_annotated.gpkg,/home/maciej.wielgosz/Projects/segm/DL_model_version/dataset/images/val/NIBIO_plot_13_annotated.png,/home/maciej.wielgosz/Projects/segm/DL_model_version/dataset/labels/val/NIBIO_plot_13_annotated.txt,57,57,EPSG:25832,"0.5,0.0,599129.0,0.0,-0.5,6655641.0"
NIBIO_plot_16_annotated,NIBIO,dev,train,/home/maciej.wielgosz/Projects/segm/FOR-instance/NIBIO/plot_16_annotated.las,/home/maciej.wielgosz/Projects/segm/DL_model_version/artifacts/physical_3band_0p5m/NIBIO_plot_16_annotated.tif,/home/maciej.wielgosz/Projects/segm/DL_model_version/reused/for_instance_chm_gt_0p5m/topmost_gt_NIBIO_plot_16_annotated.tif,/home/maciej.wielgosz/Projects/segm/DL_model_version/reused/for_instance_chm_gt_0p5m/topmost_gt_NIBIO_plot_16_annotated.gpkg,/home/maciej.wielgosz/Projects/segm/DL_model_version/dataset/images/train/NIBIO_plot_16_annotated.png,/home/maciej.wielgosz/Projects/segm/DL_model_version/dataset/labels/train/NIBIO_plot_16_annotated.txt,57,56,EPSG:25832,"0.5,0.0,599154.0,0.0,-0.5,6655538.5"
NIBIO_plot_17_annotated,NIBIO,test,test,/home/maciej.wielgosz/Projects/segm/FOR-instance/NIBIO/plot_17_annotated.las,/home/maciej.wielgosz/Projects/segm/DL_model_version/artifacts/physical_3band_0p5m/NIBIO_plot_17_annotated.tif,/home/maciej.wielgosz/Projects/segm/DL_model_version/reused/for_instance_chm_gt_0p5m/topmost_gt_NIBIO_plot_17_annotated.tif,/home/maciej.wielgosz/Projects/segm/DL_model_version/reused/for_instance_chm_gt_0p5m/topmost_gt_NIBIO_plot_17_annotated.gpkg,/home/maciej.wielgosz/Projects/segm/DL_model_version/dataset/images/test/NIBIO_plot_17_annotated.png,/home/maciej.wielgosz/Projects/segm/DL_model_version/dataset/labels/test/NIBIO_plot_17_annotated.txt,57,56,EPSG:25832,"0.5,0.0,599155.5,0.0,-0.5,6655562.5"
NIBIO_plot_18_annotated,NIBIO,test,test,/home/maciej.wielgosz/Projects/segm/FOR-instance/NIBIO/plot_18_annotated.las,/home/maciej.wielgosz/Projects/segm/DL_model_version/artifacts/physical_3band_0p5m/NIBIO_plot_18_annotated.tif,/home/maciej.wielgosz/Projects/segm/DL_model_version/reused/for_instance_chm_gt_0p5m/topmost_gt_NIBIO_plot_18_annotated.tif,/home/maciej.wielgosz/Projects/segm/DL_model_version/reused/for_instance_chm_gt_0p5m/topmost_gt_NIBIO_plot_18_annotated.gpkg,/home/maciej.wielgosz/Projects/segm/DL_model_version/dataset/images/test/NIBIO_plot_18_annotated.png,/home/maciej.wielgosz/Projects/segm/DL_model_version/dataset/labels/test/NIBIO_plot_18_annotated.txt,57,56,EPSG:25832,"0.5,0.0,599157.0,0.0,-0.5,6655586.0"
NIBIO_plot_19_annotated,NIBIO,dev,val,/home/maciej.wielgosz/Projects/segm/FOR-instance/NIBIO/plot_19_annotated.las,/home/maciej.wielgosz/Projects/segm/DL_model_version/artifacts/physical_3band_0p5m/NIBIO_plot_19_annotated.tif,/home/maciej.wielgosz/Projects/segm/DL_model_version/reused/for_instance_chm_gt_0p5m/topmost_gt_NIBIO_plot_19_annotated.tif,/home/maciej.wielgosz/Projects/segm/DL_model_version/reused/for_instance_chm_gt_0p5m/topmost_gt_NIBIO_plot_19_annotated.gpkg,/home/maciej.wielgosz/Projects/segm/DL_model_version/dataset/images/val/NIBIO_plot_19_annotated.png,/home/maciej.wielgosz/Projects/segm/DL_model_version/dataset/labels/val/NIBIO_plot_19_annotated.txt,57,57,EPSG:25832,"0.5,0.0,599155.0,0.0,-0.5,6655611.5"
NIBIO_plot_2_annotated,NIBIO,dev,train,/home/maciej.wielgosz/Projects/segm/FOR-instance/NIBIO/plot_2_annotated.las,/home/maciej.wielgosz/Projects/segm/DL_model_version/artifacts/physical_3band_0p5m/NIBIO_plot_2_annotated.tif,/home/maciej.wielgosz/Projects/segm/DL_model_version/reused/for_instance_chm_gt_0p5m/topmost_gt_NIBIO_plot_2_annotated.tif,/home/maciej.wielgosz/Projects/segm/DL_model_version/reused/for_instance_chm_gt_0p5m/topmost_gt_NIBIO_plot_2_annotated.gpkg,/home/maciej.wielgosz/Projects/segm/DL_model_version/dataset/images/train/NIBIO_plot_2_annotated.png,/home/maciej.wielgosz/Projects/segm/DL_model_version/dataset/labels/train/NIBIO_plot_2_annotated.txt,57,56,EPSG:25832,"0.5,0.0,599055.5,0.0,-0.5,6655112.5"
NIBIO_plot_21_annotated,NIBIO,dev,train,/home/maciej.wielgosz/Projects/segm/FOR-instance/NIBIO/plot_21_annotated.las,/home/maciej.wielgosz/Projects/segm/DL_model_version/artifacts/physical_3band_0p5m/NIBIO_plot_21_annotated.tif,/home/maciej.wielgosz/Projects/segm/DL_model_version/reused/for_instance_chm_gt_0p5m/topmost_gt_NIBIO_plot_21_annotated.tif,/home/maciej.wielgosz/Projects/segm/DL_model_version/reused/for_instance_chm_gt_0p5m/topmost_gt_NIBIO_plot_21_annotated.gpkg,/home/maciej.wielgosz/Projects/segm/DL_model_version/dataset/images/train/NIBIO_plot_21_annotated.png,/home/maciej.wielgosz/Projects/segm/DL_model_version/dataset/labels/train/NIBIO_plot_21_annotated.txt,56,56,EPSG:25832,"0.5,0.0,599178.5,0.0,-0.5,6655538.5"
NIBIO_plot_22_annotated,NIBIO,test,test,/home/maciej.wielgosz/Projects/segm/FOR-instance/NIBIO/plot_22_annotated.las,/home/maciej.wielgosz/Projects/segm/DL_model_version/artifacts/physical_3band_0p5m/NIBIO_plot_22_annotated.tif,/home/maciej.wielgosz/Projects/segm/DL_model_version/reused/for_instance_chm_gt_0p5m/topmost_gt_NIBIO_plot_22_annotated.tif,/home/maciej.wielgosz/Projects/segm/DL_model_version/reused/for_instance_chm_gt_0p5m/topmost_gt_NIBIO_plot_22_annotated.gpkg,/home/maciej.wielgosz/Projects/segm/DL_model_version/dataset/images/test/NIBIO_plot_22_annotated.png,/home/maciej.wielgosz/Projects/segm/DL_model_version/dataset/labels/test/NIBIO_plot_22_annotated.txt,57,57,EPSG:25832,"0.5,0.0,599180.0,0.0,-0.5,6655563.5"
NIBIO_plot_23_annotated,NIBIO,test,test,/home/maciej.wielgosz/Projects/segm/FOR-instance/NIBIO/plot_23_annotated.las,/home/maciej.wielgosz/Projects/segm/DL_model_version/artifacts/physical_3band_0p5m/NIBIO_plot_23_annotated.tif,/home/maciej.wielgosz/Projects/segm/DL_model_version/reused/for_instance_chm_gt_0p5m/topmost_gt_NIBIO_plot_23_annotated.tif,/home/maciej.wielgosz/Projects/segm/DL_model_version/reused/for_instance_chm_gt_0p5m/topmost_gt_NIBIO_plot_23_annotated.gpkg,/home/maciej.wielgosz/Projects/segm/DL_model_version/dataset/images/test/NIBIO_plot_23_annotated.png,/home/maciej.wielgosz/Projects/segm/DL_model_version/dataset/labels/test/NIBIO_plot_23_annotated.txt,57,57,EPSG:25832,"0.5,0.0,599182.0,0.0,-0.5,6655587.5"
NIBIO_plot_3_annotated,NIBIO,dev,train,/home/maciej.wielgosz/Projects/segm/FOR-instance/NIBIO/plot_3_annotated.las,/home/maciej.wielgosz/Projects/segm/DL_model_version/artifacts/physical_3band_0p5m/NIBIO_plot_3_annotated.tif,/home/maciej.wielgosz/Projects/segm/DL_model_version/reused/for_instance_chm_gt_0p5m/topmost_gt_NIBIO_plot_3_annotated.tif,/home/maciej.wielgosz/Projects/segm/DL_model_version/reused/for_instance_chm_gt_0p5m/topmost_gt_NIBIO_plot_3_annotated.gpkg,/home/maciej.wielgosz/Projects/segm/DL_model_version/dataset/images/train/NIBIO_plot_3_annotated.png,/home/maciej.wielgosz/Projects/segm/DL_model_version/dataset/labels/train/NIBIO_plot_3_annotated.txt,57,57,EPSG:25832,"0.5,0.0,599057.0,0.0,-0.5,6655135.5"
NIBIO_plot_4_annotated,NIBIO,dev,train,/home/maciej.wielgosz/Projects/segm/FOR-instance/NIBIO/plot_4_annotated.las,/home/maciej.wielgosz/Projects/segm/DL_model_version/artifacts/physical_3band_0p5m/NIBIO_plot_4_annotated.tif,/home/maciej.wielgosz/Projects/segm/DL_model_version/reused/for_instance_chm_gt_0p5m/topmost_gt_NIBIO_plot_4_annotated.tif,/home/maciej.wielgosz/Projects/segm/DL_model_version/reused/for_instance_chm_gt_0p5m/topmost_gt_NIBIO_plot_4_annotated.gpkg,/home/maciej.wielgosz/Projects/segm/DL_model_version/dataset/images/train/NIBIO_plot_4_annotated.png,/home/maciej.wielgosz/Projects/segm/DL_model_version/dataset/labels/train/NIBIO_plot_4_annotated.txt,56,57,EPSG:25832,"0.5,0.0,599057.5,0.0,-0.5,6655159.5"
NIBIO_plot_5_annotated,NIBIO,test,test,/home/maciej.wielgosz/Projects/segm/FOR-instance/NIBIO/plot_5_annotated.las,/home/maciej.wielgosz/Projects/segm/DL_model_version/artifacts/physical_3band_0p5m/NIBIO_plot_5_annotated.tif,/home/maciej.wielgosz/Projects/segm/DL_model_version/reused/for_instance_chm_gt_0p5m/topmost_gt_NIBIO_plot_5_annotated.tif,/home/maciej.wielgosz/Projects/segm/DL_model_version/reused/for_instance_chm_gt_0p5m/topmost_gt_NIBIO_plot_5_annotated.gpkg,/home/maciej.wielgosz/Projects/segm/DL_model_version/dataset/images/test/NIBIO_plot_5_annotated.png,/home/maciej.wielgosz/Projects/segm/DL_model_version/dataset/labels/test/NIBIO_plot_5_annotated.txt,57,57,EPSG:25832,"0.5,0.0,599057.0,0.0,-0.5,6655183.5"
NIBIO_plot_6_annotated,NIBIO,dev,val,/home/maciej.wielgosz/Projects/segm/FOR-instance/NIBIO/plot_6_annotated.las,/home/maciej.wielgosz/Projects/segm/DL_model_version/artifacts/physical_3band_0p5m/NIBIO_plot_6_annotated.tif,/home/maciej.wielgosz/Projects/segm/DL_model_version/reused/for_instance_chm_gt_0p5m/topmost_gt_NIBIO_plot_6_annotated.tif,/home/maciej.wielgosz/Projects/segm/DL_model_version/reused/for_instance_chm_gt_0p5m/topmost_gt_NIBIO_plot_6_annotated.gpkg,/home/maciej.wielgosz/Projects/segm/DL_model_version/dataset/images/val/NIBIO_plot_6_annotated.png,/home/maciej.wielgosz/Projects/segm/DL_model_version/dataset/labels/val/NIBIO_plot_6_annotated.txt,56,57,EPSG:25832,"0.5,0.0,599078.0,0.0,-0.5,6655081.5"
NIBIO_plot_7_annotated,NIBIO,dev,train,/home/maciej.wielgosz/Projects/segm/FOR-instance/NIBIO/plot_7_annotated.las,/home/maciej.wielgosz/Projects/segm/DL_model_version/artifacts/physical_3band_0p5m/NIBIO_plot_7_annotated.tif,/home/maciej.wielgosz/Projects/segm/DL_model_version/reused/for_instance_chm_gt_0p5m/topmost_gt_NIBIO_plot_7_annotated.tif,/home/maciej.wielgosz/Projects/segm/DL_model_version/reused/for_instance_chm_gt_0p5m/topmost_gt_NIBIO_plot_7_annotated.gpkg,/home/maciej.wielgosz/Projects/segm/DL_model_version/dataset/images/train/NIBIO_plot_7_annotated.png,/home/maciej.wielgosz/Projects/segm/DL_model_version/dataset/labels/train/NIBIO_plot_7_annotated.txt,57,56,EPSG:25832,"0.5,0.0,599079.5,0.0,-0.5,6655105.0"
NIBIO_plot_8_annotated,NIBIO,dev,train,/home/maciej.wielgosz/Projects/segm/FOR-instance/NIBIO/plot_8_annotated.las,/home/maciej.wielgosz/Projects/segm/DL_model_version/artifacts/physical_3band_0p5m/NIBIO_plot_8_annotated.tif,/home/maciej.wielgosz/Projects/segm/DL_model_version/reused/for_instance_chm_gt_0p5m/topmost_gt_NIBIO_plot_8_annotated.tif,/home/maciej.wielgosz/Projects/segm/DL_model_version/reused/for_instance_chm_gt_0p5m/topmost_gt_NIBIO_plot_8_annotated.gpkg,/home/maciej.wielgosz/Projects/segm/DL_model_version/dataset/images/train/NIBIO_plot_8_annotated.png,/home/maciej.wielgosz/Projects/segm/DL_model_version/dataset/labels/train/NIBIO_plot_8_annotated.txt,56,56,EPSG:25832,"0.5,0.0,599081.0,0.0,-0.5,6655129.5"
NIBIO_plot_9_annotated,NIBIO,dev,train,/home/maciej.wielgosz/Projects/segm/FOR-instance/NIBIO/plot_9_annotated.las,/home/maciej.wielgosz/Projects/segm/DL_model_version/artifacts/physical_3band_0p5m/NIBIO_plot_9_annotated.tif,/home/maciej.wielgosz/Projects/segm/DL_model_version/reused/for_instance_chm_gt_0p5m/topmost_gt_NIBIO_plot_9_annotated.tif,/home/maciej.wielgosz/Projects/segm/DL_model_version/reused/for_instance_chm_gt_0p5m/topmost_gt_NIBIO_plot_9_annotated.gpkg,/home/maciej.wielgosz/Projects/segm/DL_model_version/dataset/images/train/NIBIO_plot_9_annotated.png,/home/maciej.wielgosz/Projects/segm/DL_model_version/dataset/labels/train/NIBIO_plot_9_annotated.txt,57,57,EPSG:25832,"0.5,0.0,599081.0,0.0,-0.5,6655154.5"
RMIT_test,RMIT,test,test,/home/maciej.wielgosz/Projects/segm/FOR-instance/RMIT/test.las,/home/maciej.wielgosz/Projects/segm/DL_model_version/artifacts/physical_3band_0p5m/RMIT_test.tif,/home/maciej.wielgosz/Projects/segm/DL_model_version/reused/for_instance_chm_gt_0p5m/topmost_gt_RMIT_test.tif,/home/maciej.wielgosz/Projects/segm/DL_model_version/reused/for_instance_chm_gt_0p5m/topmost_gt_RMIT_test.gpkg,/home/maciej.wielgosz/Projects/segm/DL_model_version/dataset/images/test/RMIT_test.png,/home/maciej.wielgosz/Projects/segm/DL_model_version/dataset/labels/test/RMIT_test.txt,58,52,EPSG:28355,"0.5,0.0,524176.0,0.0,-0.5,5248511.5"
RMIT_train,RMIT,dev,train,/home/maciej.wielgosz/Projects/segm/FOR-instance/RMIT/train.las,/home/maciej.wielgosz/Projects/segm/DL_model_version/artifacts/physical_3band_0p5m/RMIT_train.tif,/home/maciej.wielgosz/Projects/segm/DL_model_version/reused/for_instance_chm_gt_0p5m/topmost_gt_RMIT_train.tif,/home/maciej.wielgosz/Projects/segm/DL_model_version/reused/for_instance_chm_gt_0p5m/topmost_gt_RMIT_train.gpkg,/home/maciej.wielgosz/Projects/segm/DL_model_version/dataset/images/train/RMIT_train.png,/home/maciej.wielgosz/Projects/segm/DL_model_version/dataset/labels/train/RMIT_train.txt,97,137,EPSG:28355,"0.5,0.0,524176.0,0.0,-0.5,5248554.0"
SCION_plot_31_annotated,SCION,test,test,/home/maciej.wielgosz/Projects/segm/FOR-instance/SCION/plot_31_annotated.las,/home/maciej.wielgosz/Projects/segm/DL_model_version/artifacts/physical_3band_0p5m/SCION_plot_31_annotated.tif,/home/maciej.wielgosz/Projects/segm/DL_model_version/reused/for_instance_chm_gt_0p5m/topmost_gt_SCION_plot_31_annotated.tif,/home/maciej.wielgosz/Projects/segm/DL_model_version/reused/for_instance_chm_gt_0p5m/topmost_gt_SCION_plot_31_annotated.gpkg,/home/maciej.wielgosz/Projects/segm/DL_model_version/dataset/images/test/SCION_plot_31_annotated.png,/home/maciej.wielgosz/Projects/segm/DL_model_version/dataset/labels/test/SCION_plot_31_annotated.txt,65,65,EPSG:2193,"0.5,0.0,1886402.5,0.0,-0.5,5771807.0"
SCION_plot_35_annotated,SCION,dev,train,/home/maciej.wielgosz/Projects/segm/FOR-instance/SCION/plot_35_annotated.las,/home/maciej.wielgosz/Projects/segm/DL_model_version/artifacts/physical_3band_0p5m/SCION_plot_35_annotated.tif,/home/maciej.wielgosz/Projects/segm/DL_model_version/reused/for_instance_chm_gt_0p5m/topmost_gt_SCION_plot_35_annotated.tif,/home/maciej.wielgosz/Projects/segm/DL_model_version/reused/for_instance_chm_gt_0p5m/topmost_gt_SCION_plot_35_annotated.gpkg,/home/maciej.wielgosz/Projects/segm/DL_model_version/dataset/images/train/SCION_plot_35_annotated.png,/home/maciej.wielgosz/Projects/segm/DL_model_version/dataset/labels/train/SCION_plot_35_annotated.txt,66,65,EPSG:2193,"0.5,0.0,1886455.0,0.0,-0.5,5771843.5"
SCION_plot_39_annotated,SCION,dev,val,/home/maciej.wielgosz/Projects/segm/FOR-instance/SCION/plot_39_annotated.las,/home/maciej.wielgosz/Projects/segm/DL_model_version/artifacts/physical_3band_0p5m/SCION_plot_39_annotated.tif,/home/maciej.wielgosz/Projects/segm/DL_model_version/reused/for_instance_chm_gt_0p5m/topmost_gt_SCION_plot_39_annotated.tif,/home/maciej.wielgosz/Projects/segm/DL_model_version/reused/for_instance_chm_gt_0p5m/topmost_gt_SCION_plot_39_annotated.gpkg,/home/maciej.wielgosz/Projects/segm/DL_model_version/dataset/images/val/SCION_plot_39_annotated.png,/home/maciej.wielgosz/Projects/segm/DL_model_version/dataset/labels/val/SCION_plot_39_annotated.txt,65,66,EPSG:2193,"0.5,0.0,1886508.0,0.0,-0.5,5771880.0"
SCION_plot_61_annotated,SCION,test,test,/home/maciej.wielgosz/Projects/segm/FOR-instance/SCION/plot_61_annotated.las,/home/maciej.wielgosz/Projects/segm/DL_model_version/artifacts/physical_3band_0p5m/SCION_plot_61_annotated.tif,/home/maciej.wielgosz/Projects/segm/DL_model_version/reused/for_instance_chm_gt_0p5m/topmost_gt_SCION_plot_61_annotated.tif,/home/maciej.wielgosz/Projects/segm/DL_model_version/reused/for_instance_chm_gt_0p5m/topmost_gt_SCION_plot_61_annotated.gpkg,/home/maciej.wielgosz/Projects/segm/DL_model_version/dataset/images/test/SCION_plot_61_annotated.png,/home/maciej.wielgosz/Projects/segm/DL_model_version/dataset/labels/test/SCION_plot_61_annotated.txt,65,65,EPSG:2193,"0.5,0.0,1886447.0,0.0,-0.5,5771799.0"
SCION_plot_87_annotated,SCION,dev,train,/home/maciej.wielgosz/Projects/segm/FOR-instance/SCION/plot_87_annotated.las,/home/maciej.wielgosz/Projects/segm/DL_model_version/artifacts/physical_3band_0p5m/SCION_plot_87_annotated.tif,/home/maciej.wielgosz/Projects/segm/DL_model_version/reused/for_instance_chm_gt_0p5m/topmost_gt_SCION_plot_87_annotated.tif,/home/maciej.wielgosz/Projects/segm/DL_model_version/reused/for_instance_chm_gt_0p5m/topmost_gt_SCION_plot_87_annotated.gpkg,/home/maciej.wielgosz/Projects/segm/DL_model_version/dataset/images/train/SCION_plot_87_annotated.png,/home/maciej.wielgosz/Projects/segm/DL_model_version/dataset/labels/train/SCION_plot_87_annotated.txt,66,66,EPSG:2193,"0.5,0.0,1886438.5,0.0,-0.5,5771754.5"
TUWIEN_test,TUWIEN,test,test,/home/maciej.wielgosz/Projects/segm/FOR-instance/TUWIEN/test.las,/home/maciej.wielgosz/Projects/segm/DL_model_version/artifacts/physical_3band_0p5m/TUWIEN_test.tif,/home/maciej.wielgosz/Projects/segm/DL_model_version/reused/for_instance_chm_gt_0p5m/topmost_gt_TUWIEN_test.tif,/home/maciej.wielgosz/Projects/segm/DL_model_version/reused/for_instance_chm_gt_0p5m/topmost_gt_TUWIEN_test.gpkg,/home/maciej.wielgosz/Projects/segm/DL_model_version/dataset/images/test/TUWIEN_test.png,/home/maciej.wielgosz/Projects/segm/DL_model_version/dataset/labels/test/TUWIEN_test.txt,69,100,EPSG:32633,"0.5,0.0,527668.5,0.0,-0.5,5340193.5"
TUWIEN_train,TUWIEN,dev,train,/home/maciej.wielgosz/Projects/segm/FOR-instance/TUWIEN/train.las,/home/maciej.wielgosz/Projects/segm/DL_model_version/artifacts/physical_3band_0p5m/TUWIEN_train.tif,/home/maciej.wielgosz/Projects/segm/DL_model_version/reused/for_instance_chm_gt_0p5m/topmost_gt_TUWIEN_train.tif,/home/maciej.wielgosz/Projects/segm/DL_model_version/reused/for_instance_chm_gt_0p5m/topmost_gt_TUWIEN_train.gpkg,/home/maciej.wielgosz/Projects/segm/DL_model_version/dataset/images/train/TUWIEN_train.png,/home/maciej.wielgosz/Projects/segm/DL_model_version/dataset/labels/train/TUWIEN_train.txt,173,123,EPSG:32633,"0.5,0.0,527693.0,0.0,-0.5,5340188.5"
