dataset_id,split,label_line,source_tree_id,source_area_m2,label_area_m2
CULS_plot_1_annotated,val,0,1101,31.5,31.5
CULS_plot_1_annotated,val,1,1102,27.75,27.75
CULS_plot_1_annotated,val,2,1103,30.0,30.0
CULS_plot_1_annotated,val,3,1104,25.0,25.0
CULS_plot_1_annotated,val,4,1106,29.25,29.25
CULS_plot_1_annotated,val,5,1108,16.75,16.75
CULS_plot_2_annotated,test,0,2101,21.25,21.25
CULS_plot_2_annotated,test,1,2102,17.75,17.75
CULS_plot_2_annotated,test,2,2103,20.25,19.75
CULS_plot_2_annotated,test,3,2104,26.0,26.0
CULS_plot_2_annotated,test,4,2105,51.75,51.75
CULS_plot_2_annotated,test,5,2106,26.0,26.0
CULS_plot_2_annotated,test,6,2107,18.75,18.5
CULS_plot_2_annotated,test,7,2108,12.75,12.75
CULS_plot_2_annotated,test,8,2109,19.25,19.25
CULS_plot_2_annotated,test,9,2110,52.0,52.0
CULS_plot_2_annotated,test,10,2111,13.5,13.5
CULS_plot_2_annotated,test,11,2112,36.5,36.5
CULS_plot_2_annotated,test,12,2113,14.5,14.5
CULS_plot_2_annotated,test,13,2114,21.0,21.0
CULS_plot_2_annotated,test,14,2115,9.0,9.0
CULS_plot_2_annotated,test,15,2116,28.25,28.25
CULS_plot_2_annotated,test,16,2117,28.5,28.5
CULS_plot_2_annotated,test,17,2118,21.25,21.25
CULS_plot_2_annotated,test,18,2119,42.25,42.25
CULS_plot_2_annotated,test,19,2120,26.75,26.5
CULS_plot_3_annotated,train,0,3101,28.5,28.5
CULS_plot_3_annotated,train,1,3102,18.25,18.25
CULS_plot_3_annotated,train,2,3103,29.5,29.5
CULS_plot_3_annotated,train,3,3104,28.25,28.25
CULS_plot_3_annotated,train,4,3105,13.5,13.5
CULS_plot_3_annotated,train,5,3106,13.5,13.5
CULS_plot_3_annotated,train,6,3107,20.25,20.25
CULS_plot_3_annotated,train,7,3108,31.5,31.5
CULS_plot_3_annotated,train,8,3109,23.75,23.75
CULS_plot_3_annotated,train,9,3110,16.5,16.5
CULS_plot_3_annotated,train,10,3111,23.75,23.75
CULS_plot_3_annotated,train,11,3112,23.25,23.25
CULS_plot_3_annotated,train,12,3113,33.0,33.0
CULS_plot_3_annotated,train,13,3114,12.25,12.25
CULS_plot_3_annotated,train,14,3115,30.5,30.25
CULS_plot_3_annotated,train,15,3116,17.5,17.5
CULS_plot_3_annotated,train,16,3117,34.25,34.25
CULS_plot_3_annotated,train,17,3118,37.75,37.75
CULS_plot_3_annotated,train,18,3119,26.0,26.0
CULS_plot_3_annotated,train,19,3120,17.75,17.0
CULS_plot_3_annotated,train,20,3121,18.5,18.5
NIBIO_plot_1_annotated,test,0,1,30.75,30.75
NIBIO_plot_1_annotated,test,1,2,11.0,11.0
NIBIO_plot_1_annotated,test,2,3,15.0,15.0
NIBIO_plot_1_annotated,test,3,4,9.75,9.75
NIBIO_plot_1_annotated,test,4,5,37.5,37.25
NIBIO_plot_1_annotated,test,5,6,4.25,4.25
NIBIO_plot_1_annotated,test,6,7,23.25,23.25
NIBIO_plot_1_annotated,test,7,8,0.75,0.75
NIBIO_plot_1_annotated,test,8,9,32.5,32.5
NIBIO_plot_1_annotated,test,9,10,46.25,46.25
NIBIO_plot_1_annotated,test,10,11,5.5,5.5
NIBIO_plot_1_annotated,test,11,12,2.25,2.25
NIBIO_plot_1_annotated,test,12,13,10.75,10.75
NIBIO_plot_1_annotated,test,13,19,8.25,7.75
NIBIO_plot_1_annotated,test,14,20,0.25,0.25
NIBIO_plot_1_annotated,test,15,21,11.75,11.75
NIBIO_plot_1_annotated,test,16,23,10.75,10.75
NIBIO_plot_1_annotated,test,17,26,4.25,4.25
NIBIO_plot_1_annotated,test,18,27,12.25,12.25
NIBIO_plot_1_annotated,test,19,29,4.25,4.25
NIBIO_plot_1_annotated,test,20,30,25.25,25.25
NIBIO_plot_1_annotated,test,21,32,41.5,41.25
NIBIO_plot_1_annotated,test,22,34,2.75,2.75
NIBIO_plot_1_annotated,test,23,35,7.0,7.0
NIBIO_plot_1_annotated,test,24,36,9.0,9.0
NIBIO_plot_1_annotated,test,25,37,9.0,9.0
NIBIO_plot_10_annotated,train,0,1,28.0,27.25
NIBIO_plot_10_annotated,train,1,2,15.0,15.0
NIBIO_plot_10_annotated,train,2,3,1.5,1.5
NIBIO_plot_10_annotated,train,3,4,2.5,2.5
NIBIO_plot_10_annotated,train,4,5,19.0,18.75
NIBIO_plot_10_annotated,train,5,6,17.5,17.5
NIBIO_plot_10_annotated,train,6,7,16.0,16.0
NIBIO_plot_10_annotated,train,7,8,10.25,10.25
NIBIO_plot_10_annotated,train,8,9,28.75,28.75
NIBIO_plot_10_annotated,train,9,10,13.25,13.25
NIBIO_plot_10_annotated,train,10,11,16.0,16.0
NIBIO_plot_10_annotated,train,11,12,5.5,5.5
NIBIO_plot_10_annotated,train,12,15,31.5,31.5
NIBIO_plot_10_annotated,train,13,19,29.0,29.0
NIBIO_plot_10_annotated,train,14,21,4.75,4.75
NIBIO_plot_10_annotated,train,15,22,12.5,12.25
NIBIO_plot_10_annotated,train,16,23,3.75,3.0
NIBIO_plot_10_annotated,train,17,24,6.0,5.75
NIBIO_plot_10_annotated,train,18,25,1.0,0.75
NIBIO_plot_10_annotated,train,19,26,1.5,1.25
NIBIO_plot_10_annotated,train,20,27,7.75,7.75
NIBIO_plot_11_annotated,train,0,1,28.5,28.5
NIBIO_plot_11_annotated,train,1,2,10.5,10.5
NIBIO_plot_11_annotated,train,2,3,16.5,16.5
NIBIO_plot_11_annotated,train,3,4,8.5,8.5
NIBIO_plot_11_annotated,train,4,5,19.25,19.25
NIBIO_plot_11_annotated,train,5,6,14.75,14.5
NIBIO_plot_11_annotated,train,6,7,19.75,19.75
NIBIO_plot_11_annotated,train,7,8,23.25,23.25
NIBIO_plot_11_annotated,train,8,9,8.0,8.0
NIBIO_plot_11_annotated,train,9,10,4.5,4.5
NIBIO_plot_11_annotated,train,10,11,13.25,13.25
NIBIO_plot_11_annotated,train,11,13,0.25,0.25
NIBIO_plot_11_annotated,train,12,14,8.75,8.75
NIBIO_plot_11_annotated,train,13,15,12.0,12.0
NIBIO_plot_11_annotated,train,14,16,16.0,16.0
NIBIO_plot_11_annotated,train,15,17,0.5,0.5
NIBIO_plot_11_annotated,train,16,18,12.25,11.5
NIBIO_plot_11_annotated,train,17,19,19.75,19.5
NIBIO_plot_11_annotated,train,18,23,4.5,4.5
NIBIO_plot_11_annotated,train,19,24,7.75,7.75
NIBIO_plot_11_annotated,train,20,26,12.0,12.0
NIBIO_plot_11_annotated,train,21,27,8.25,8.25
NIBIO_plot_11_annotated,train,22,29,2.0,2.0
NIBIO_plot_11_annotated,train,23,30,7.0,7.0
NIBIO_plot_11_annotated,train,24,31,26.25,26.25
NIBIO_plot_12_annotated,train,0,1,14.5,14.5
NIBIO_plot_12_annotated,train,1,2,25.75,25.75
NIBIO_plot_12_annotated,train,2,4,36.0,36.0
NIBIO_plot_12_annotated,train,3,5,3.75,3.75
NIBIO_plot_12_annotated,train,4,7,17.0,17.0
NIBIO_plot_12_annotated,train,5,8,35.0,35.0
NIBIO_plot_12_annotated,train,6,9,13.5,13.5
NIBIO_plot_12_annotated,train,7,10,32.5,32.0
NIBIO_plot_12_annotated,train,8,11,20.0,20.0
NIBIO_plot_12_annotated,train,9,13,0.5,0.25
NIBIO_plot_12_annotated,train,10,14,17.75,17.75
NIBIO_plot_12_annotated,train,11,15,13.25,13.25
NIBIO_plot_12_annotated,train,12,16,9.25,9.0
NIBIO_plot_12_annotated,train,13,17,13.25,13.0
NIBIO_plot_12_annotated,train,14,22,6.75,6.75
NIBIO_plot_12_annotated,train,15,23,1.5,1.25
NIBIO_plot_12_annotated,train,16,24,18.5,18.5
NIBIO_plot_12_annotated,train,17,25,8.0,8.0
NIBIO_plot_12_annotated,train,18,26,0.5,0.5
NIBIO_plot_13_annotated,val,0,1,16.75,16.75
NIBIO_plot_13_annotated,val,1,2,24.25,24.0
NIBIO_plot_13_annotated,val,2,3,4.75,4.75
NIBIO_plot_13_annotated,val,3,4,5.75,5.75
NIBIO_plot_13_annotated,val,4,5,12.5,12.5
NIBIO_plot_13_annotated,val,5,6,9.25,9.25
NIBIO_plot_13_annotated,val,6,7,13.0,13.0
NIBIO_plot_13_annotated,val,7,8,7.25,7.25
NIBIO_plot_13_annotated,val,8,9,8.25,8.25
NIBIO_plot_13_annotated,val,9,10,16.75,16.75
NIBIO_plot_13_annotated,val,10,11,13.0,12.0
NIBIO_plot_13_annotated,val,11,13,6.75,6.75
NIBIO_plot_13_annotated,val,12,14,8.5,8.5
NIBIO_plot_13_annotated,val,13,15,6.75,6.75
NIBIO_plot_13_annotated,val,14,19,5.75,5.75
NIBIO_plot_13_annotated,val,15,20,6.75,6.75
NIBIO_plot_13_annotated,val,16,21,8.5,8.5
NIBIO_plot_13_annotated,val,17,23,4.5,4.5
NIBIO_plot_13_annotated,val,18,25,14.0,14.0
NIBIO_plot_13_annotated,val,19,27,0.5,0.5
NIBIO_plot_13_annotated,val,20,28,1.0,1.0
NIBIO_plot_13_annotated,val,21,29,15.25,15.25
NIBIO_plot_13_annotated,val,22,30,11.25,11.25
NIBIO_plot_13_annotated,val,23,31,2.5,2.5
NIBIO_plot_13_annotated,val,24,32,5.25,5.25
NIBIO_plot_13_annotated,val,25,33,6.0,5.75
NIBIO_plot_13_annotated,val,26,34,10.0,10.0
NIBIO_plot_13_annotated,val,27,35,12.0,12.0
NIBIO_plot_13_annotated,val,28,36,20.0,20.0
NIBIO_plot_16_annotated,train,0,2,19.75,19.75
NIBIO_plot_16_annotated,train,1,4,10.0,9.75
NIBIO_plot_16_annotated,train,2,5,10.0,10.0
NIBIO_plot_16_annotated,train,3,6,5.25,5.25
NIBIO_plot_16_annotated,train,4,7,18.75,18.75
NIBIO_plot_16_annotated,train,5,8,4.75,3.0
NIBIO_plot_16_annotated,train,6,9,19.5,19.5
NIBIO_plot_16_annotated,train,7,10,18.5,18.5
NIBIO_plot_16_annotated,train,8,11,2.5,2.5
NIBIO_plot_16_annotated,train,9,13,46.75,46.75
NIBIO_plot_16_annotated,train,10,16,10.5,10.5
NIBIO_plot_16_annotated,train,11,18,1.75,1.0
NIBIO_plot_16_annotated,train,12,19,17.0,17.0
NIBIO_plot_16_annotated,train,13,20,13.75,13.75
NIBIO_plot_16_annotated,train,14,21,2.0,1.25
NIBIO_plot_16_annotated,train,15,22,3.0,3.0
NIBIO_plot_16_annotated,train,16,24,18.0,18.0
NIBIO_plot_16_annotated,train,17,25,1.0,1.0
NIBIO_plot_16_annotated,train,18,26,10.0,10.0
NIBIO_plot_16_annotated,train,19,27,5.0,5.0
NIBIO_plot_16_annotated,train,20,28,2.5,2.5
NIBIO_plot_16_annotated,train,21,29,5.25,4.75
NIBIO_plot_16_annotated,train,22,30,7.0,7.0
NIBIO_plot_16_annotated,train,23,31,2.75,2.5
NIBIO_plot_16_annotated,train,24,33,18.75,18.75
NIBIO_plot_16_annotated,train,25,34,6.0,6.0
NIBIO_plot_16_annotated,train,26,35,1.75,1.75
NIBIO_plot_16_annotated,train,27,36,2.0,2.0
NIBIO_plot_16_annotated,train,28,37,0.75,0.25
NIBIO_plot_16_annotated,train,29,39,12.25,12.25
NIBIO_plot_17_annotated,test,0,1,10.5,10.5
NIBIO_plot_17_annotated,test,1,2,6.0,6.0
NIBIO_plot_17_annotated,test,2,3,18.75,18.5
NIBIO_plot_17_annotated,test,3,4,9.25,9.25
NIBIO_plot_17_annotated,test,4,5,10.5,9.75
NIBIO_plot_17_annotated,test,5,6,19.0,19.0
NIBIO_plot_17_annotated,test,6,7,16.25,16.25
NIBIO_plot_17_annotated,test,7,8,6.75,6.75
NIBIO_plot_17_annotated,test,8,9,3.75,3.75
NIBIO_plot_17_annotated,test,9,10,16.75,16.75
NIBIO_plot_17_annotated,test,10,11,9.25,9.25
NIBIO_plot_17_annotated,test,11,12,2.75,2.75
NIBIO_plot_17_annotated,test,12,13,38.75,38.75
NIBIO_plot_17_annotated,test,13,14,1.0,1.0
NIBIO_plot_17_annotated,test,14,15,17.25,17.0
NIBIO_plot_17_annotated,test,15,16,0.25,0.25
NIBIO_plot_17_annotated,test,16,17,4.25,4.25
NIBIO_plot_17_annotated,test,17,18,4.25,4.25
NIBIO_plot_17_annotated,test,18,19,4.75,3.5
NIBIO_plot_17_annotated,test,19,22,15.75,15.75
NIBIO_plot_17_annotated,test,20,23,13.0,13.0
NIBIO_plot_17_annotated,test,21,25,0.25,0.25
NIBIO_plot_17_annotated,test,22,26,17.75,17.75
NIBIO_plot_17_annotated,test,23,27,3.5,3.5
NIBIO_plot_17_annotated,test,24,28,29.5,29.5
NIBIO_plot_17_annotated,test,25,29,0.75,0.25
NIBIO_plot_17_annotated,test,26,30,19.0,19.0
NIBIO_plot_18_annotated,test,0,1,2.5,2.5
NIBIO_plot_18_annotated,test,1,3,8.0,8.0
NIBIO_plot_18_annotated,test,2,4,10.75,10.75
NIBIO_plot_18_annotated,test,3,5,26.5,26.25
NIBIO_plot_18_annotated,test,4,6,5.75,5.5
NIBIO_plot_18_annotated,test,5,7,9.0,9.0
NIBIO_plot_18_annotated,test,6,8,11.0,11.0
NIBIO_plot_18_annotated,test,7,9,21.5,21.5
NIBIO_plot_18_annotated,test,8,10,25.75,25.75
NIBIO_plot_18_annotated,test,9,11,21.0,21.0
NIBIO_plot_18_annotated,test,10,12,3.0,3.0
NIBIO_plot_18_annotated,test,11,13,5.25,5.25
NIBIO_plot_18_annotated,test,12,14,14.75,14.75
NIBIO_plot_18_annotated,test,13,15,0.75,0.75
NIBIO_plot_18_annotated,test,14,16,0.75,0.5
NIBIO_plot_18_annotated,test,15,17,4.0,4.0
NIBIO_plot_18_annotated,test,16,18,11.0,11.0
NIBIO_plot_18_annotated,test,17,19,13.75,13.75
NIBIO_plot_18_annotated,test,18,22,2.25,2.25
NIBIO_plot_18_annotated,test,19,23,16.5,16.5
NIBIO_plot_18_annotated,test,20,25,10.0,10.0
NIBIO_plot_18_annotated,test,21,26,5.5,5.5
NIBIO_plot_18_annotated,test,22,27,1.25,1.25
NIBIO_plot_19_annotated,val,0,1,14.0,14.0
NIBIO_plot_19_annotated,val,1,2,3.25,3.25
NIBIO_plot_19_annotated,val,2,3,17.25,17.25
NIBIO_plot_19_annotated,val,3,4,6.25,6.25
NIBIO_plot_19_annotated,val,4,5,5.0,5.0
NIBIO_plot_19_annotated,val,5,6,6.25,6.25
NIBIO_plot_19_annotated,val,6,7,11.75,11.75
NIBIO_plot_19_annotated,val,7,8,7.75,7.75
NIBIO_plot_19_annotated,val,8,9,12.25,12.0
NIBIO_plot_19_annotated,val,9,10,13.25,13.25
NIBIO_plot_19_annotated,val,10,11,8.0,8.0
NIBIO_plot_19_annotated,val,11,13,14.0,14.0
NIBIO_plot_19_annotated,val,12,14,0.5,0.5
NIBIO_plot_19_annotated,val,13,15,22.75,22.75
NIBIO_plot_19_annotated,val,14,16,6.5,6.5
NIBIO_plot_19_annotated,val,15,17,2.25,2.25
NIBIO_plot_19_annotated,val,16,18,10.5,10.5
NIBIO_plot_19_annotated,val,17,19,3.75,3.75
NIBIO_plot_19_annotated,val,18,20,4.0,4.0
NIBIO_plot_19_annotated,val,19,21,2.5,2.5
NIBIO_plot_19_annotated,val,20,22,16.5,16.5
NIBIO_plot_19_annotated,val,21,23,11.0,11.0
NIBIO_plot_19_annotated,val,22,24,6.25,6.25
NIBIO_plot_19_annotated,val,23,25,1.0,0.75
NIBIO_plot_19_annotated,val,24,26,1.0,1.0
NIBIO_plot_19_annotated,val,25,27,0.25,0.25
NIBIO_plot_19_annotated,val,26,28,24.75,24.75
NIBIO_plot_19_annotated,val,27,30,0.75,0.75
NIBIO_plot_19_annotated,val,28,31,12.0,12.0
NIBIO_plot_19_annotated,val,29,32,4.5,3.25
NIBIO_plot_19_annotated,val,30,33,18.75,18.75
NIBIO_plot_2_annotated,train,0,1,25.75,25.75
NIBIO_plot_2_annotated,train,1,2,14.75,14.25
NIBIO_plot_2_annotated,train,2,3,15.5,14.75
NIBIO_plot_2_annotated,train,3,4,13.25,13.25
NIBIO_plot_2_annotated,train,4,5,1.5,1.25
NIBIO_plot_2_annotated,train,5,6,1.25,0.75
NIBIO_plot_2_annotated,train,6,7,26.0,26.0
NIBIO_plot_2_annotated,train,7,8,21.5,21.5
NIBIO_plot_2_annotated,train,8,9,17.75,17.75
NIBIO_plot_2_annotated,train,9,10,20.5,20.5
NIBIO_plot_2_annotated,train,10,11,5.75,5.75
NIBIO_plot_2_annotated,train,11,13,0.75,0.75
NIBIO_plot_2_annotated,train,12,15,5.25,3.0
NIBIO_plot_2_annotated,train,13,16,35.5,35.5
NIBIO_plot_2_annotated,train,14,17,19.0,19.0
NIBIO_plot_2_annotated,train,15,20,1.0,0.25
NIBIO_plot_2_annotated,train,16,21,28.25,28.25
NIBIO_plot_2_annotated,train,17,22,8.75,8.75
NIBIO_plot_2_annotated,train,18,23,4.75,4.5
NIBIO_plot_2_annotated,train,19,25,4.5,4.5
NIBIO_plot_2_annotated,train,20,26,0.5,0.25
NIBIO_plot_2_annotated,train,21,27,2.0,2.0
NIBIO_plot_2_annotated,train,22,28,0.25,0.25
NIBIO_plot_2_annotated,train,23,29,23.25,23.25
NIBIO_plot_2_annotated,train,24,30,11.0,10.75
NIBIO_plot_2_annotated,train,25,31,22.75,22.5
NIBIO_plot_2_annotated,train,26,32,12.25,12.25
NIBIO_plot_2_annotated,train,27,35,16.0,16.0
NIBIO_plot_2_annotated,train,28,36,4.25,4.25
NIBIO_plot_2_annotated,train,29,38,0.25,0.25
NIBIO_plot_2_annotated,train,30,39,19.25,19.25
NIBIO_plot_21_annotated,train,0,1,25.5,25.5
NIBIO_plot_21_annotated,train,1,2,22.5,22.25
NIBIO_plot_21_annotated,train,2,3,12.0,12.0
NIBIO_plot_21_annotated,train,3,4,10.75,10.5
NIBIO_plot_21_annotated,train,4,5,14.0,14.0
NIBIO_plot_21_annotated,train,5,6,4.25,4.25
NIBIO_plot_21_annotated,train,6,7,34.75,34.75
NIBIO_plot_21_annotated,train,7,8,8.25,8.25
NIBIO_plot_21_annotated,train,8,9,16.25,16.25
NIBIO_plot_21_annotated,train,9,10,13.0,13.0
NIBIO_plot_21_annotated,train,10,11,12.75,12.75
NIBIO_plot_21_annotated,train,11,12,1.5,0.75
NIBIO_plot_21_annotated,train,12,13,12.25,12.25
NIBIO_plot_21_annotated,train,13,17,13.25,13.25
NIBIO_plot_21_annotated,train,14,20,3.25,3.0
NIBIO_plot_21_annotated,train,15,21,12.0,12.0
NIBIO_plot_21_annotated,train,16,22,3.0,3.0
NIBIO_plot_21_annotated,train,17,23,15.0,15.0
NIBIO_plot_21_annotated,train,18,24,13.5,13.5
NIBIO_plot_22_annotated,test,0,1,25.5,25.25
NIBIO_plot_22_annotated,test,1,2,5.75,5.75
NIBIO_plot_22_annotated,test,2,3,19.5,19.5
NIBIO_plot_22_annotated,test,3,4,7.5,7.5
NIBIO_plot_22_annotated,test,4,5,19.0,19.0
NIBIO_plot_22_annotated,test,5,6,20.5,20.5
NIBIO_plot_22_annotated,test,6,7,31.5,31.5
NIBIO_plot_22_annotated,test,7,8,25.75,25.75
NIBIO_plot_22_annotated,test,8,9,21.5,21.5
NIBIO_plot_22_annotated,test,9,10,26.75,26.75
NIBIO_plot_22_annotated,test,10,11,11.5,11.5
NIBIO_plot_22_annotated,test,11,12,9.25,9.0
NIBIO_plot_22_annotated,test,12,13,12.0,12.0
NIBIO_plot_22_annotated,test,13,14,2.75,2.75
NIBIO_plot_22_annotated,test,14,16,14.25,13.25
NIBIO_plot_22_annotated,test,15,17,5.25,5.25
NIBIO_plot_22_annotated,test,16,18,14.0,14.0
NIBIO_plot_22_annotated,test,17,19,3.75,3.5
NIBIO_plot_22_annotated,test,18,20,4.25,3.75
NIBIO_plot_23_annotated,test,0,1,13.75,12.75
NIBIO_plot_23_annotated,test,1,2,18.0,18.0
NIBIO_plot_23_annotated,test,2,3,9.5,9.5
NIBIO_plot_23_annotated,test,3,4,5.75,5.75
NIBIO_plot_23_annotated,test,4,5,10.0,9.75
NIBIO_plot_23_annotated,test,5,6,12.75,12.75
NIBIO_plot_23_annotated,test,6,7,32.75,32.75
NIBIO_plot_23_annotated,test,7,8,9.25,9.25
NIBIO_plot_23_annotated,test,8,9,15.75,15.5
NIBIO_plot_23_annotated,test,9,10,17.0,17.0
NIBIO_plot_23_annotated,test,10,11,15.0,15.0
NIBIO_plot_23_annotated,test,11,12,9.25,9.0
NIBIO_plot_23_annotated,test,12,13,1.5,1.5
NIBIO_plot_23_annotated,test,13,15,1.75,1.75
NIBIO_plot_23_annotated,test,14,16,15.25,15.25
NIBIO_plot_23_annotated,test,15,17,18.5,18.5
NIBIO_plot_23_annotated,test,16,18,0.25,0.25
NIBIO_plot_23_annotated,test,17,19,2.0,2.0
NIBIO_plot_23_annotated,test,18,21,10.25,10.25
NIBIO_plot_23_annotated,test,19,23,1.5,1.5
NIBIO_plot_23_annotated,test,20,24,17.0,17.0
NIBIO_plot_23_annotated,test,21,26,3.75,3.75
NIBIO_plot_23_annotated,test,22,28,29.25,29.25
NIBIO_plot_3_annotated,train,0,1,26.0,26.0
NIBIO_plot_3_annotated,train,1,2,15.0,15.0
NIBIO_plot_3_annotated,train,2,3,17.25,17.25
NIBIO_plot_3_annotated,train,3,4,5.75,5.75
NIBIO_plot_3_annotated,train,4,6,14.5,13.75
NIBIO_plot_3_annotated,train,5,7,11.5,11.5
NIBIO_plot_3_annotated,train,6,8,31.25,31.25
NIBIO_plot_3_annotated,train,7,9,34.5,34.25
NIBIO_plot_3_annotated,train,8,10,25.25,25.25
NIBIO_plot_3_annotated,train,9,11,1.0,1.0
NIBIO_plot_3_annotated,train,10,12,20.5,20.0
NIBIO_plot_3_annotated,train,11,13,1.25,1.25
NIBIO_plot_3_annotated,train,12,16,7.5,7.5
NIBIO_plot_3_annotated,train,13,17,9.25,9.25
NIBIO_plot_3_annotated,train,14,19,1.0,1.0
NIBIO_plot_3_annotated,train,15,20,1.0,0.5
NIBIO_plot_3_annotated,train,16,22,19.25,19.25
NIBIO_plot_3_annotated,train,17,23,1.5,1.5
NIBIO_plot_3_annotated,train,18,24,2.5,2.5
NIBIO_plot_3_annotated,train,19,25,25.25,25.25
NIBIO_plot_3_annotated,train,20,26,2.5,2.5
NIBIO_plot_3_annotated,train,21,27,33.25,33.25
NIBIO_plot_4_annotated,train,0,1,20.5,20.5
NIBIO_plot_4_annotated,train,1,2,33.0,33.0
NIBIO_plot_4_annotated,train,2,3,11.5,11.5
NIBIO_plot_4_annotated,train,3,4,5.75,5.25
NIBIO_plot_4_annotated,train,4,5,22.25,22.0
NIBIO_plot_4_annotated,train,5,6,1.5,0.5
NIBIO_plot_4_annotated,train,6,7,19.75,19.5
NIBIO_plot_4_annotated,train,7,8,30.0,30.0
NIBIO_plot_4_annotated,train,8,9,21.25,21.25
NIBIO_plot_4_annotated,train,9,10,20.75,20.75
NIBIO_plot_4_annotated,train,10,12,13.5,13.5
NIBIO_plot_4_annotated,train,11,13,13.0,12.5
NIBIO_plot_4_annotated,train,12,15,1.75,1.0
NIBIO_plot_4_annotated,train,13,16,5.25,5.0
NIBIO_plot_4_annotated,train,14,17,3.75,3.5
NIBIO_plot_4_annotated,train,15,18,8.0,8.0
NIBIO_plot_4_annotated,train,16,19,10.0,10.0
NIBIO_plot_4_annotated,train,17,20,1.75,1.75
NIBIO_plot_4_annotated,train,18,21,11.0,11.0
NIBIO_plot_4_annotated,train,19,23,8.25,8.25
NIBIO_plot_4_annotated,train,20,24,2.25,2.25
NIBIO_plot_4_annotated,train,21,25,41.75,41.75
NIBIO_plot_5_annotated,test,0,1,21.25,21.25
NIBIO_plot_5_annotated,test,1,2,10.0,10.0
NIBIO_plot_5_annotated,test,2,3,8.25,8.25
NIBIO_plot_5_annotated,test,3,5,15.75,15.75
NIBIO_plot_5_annotated,test,4,6,10.25,10.25
NIBIO_plot_5_annotated,test,5,7,23.0,23.0
NIBIO_plot_5_annotated,test,6,8,11.25,11.0
NIBIO_plot_5_annotated,test,7,9,19.5,19.5
NIBIO_plot_5_annotated,test,8,10,25.25,25.25
NIBIO_plot_5_annotated,test,9,11,18.75,18.75
NIBIO_plot_5_annotated,test,10,12,0.25,0.25
NIBIO_plot_5_annotated,test,11,13,0.5,0.5
NIBIO_plot_5_annotated,test,12,14,16.75,16.75
NIBIO_plot_5_annotated,test,13,15,1.25,1.25
NIBIO_plot_5_annotated,test,14,16,6.0,5.75
NIBIO_plot_5_annotated,test,15,17,13.75,13.75
NIBIO_plot_5_annotated,test,16,19,24.0,24.0
NIBIO_plot_5_annotated,test,17,20,4.5,4.5
NIBIO_plot_6_annotated,val,0,1,0.25,0.25
NIBIO_plot_6_annotated,val,1,2,28.75,28.5
NIBIO_plot_6_annotated,val,2,4,10.0,10.0
NIBIO_plot_6_annotated,val,3,5,5.25,4.5
NIBIO_plot_6_annotated,val,4,6,20.5,20.5
NIBIO_plot_6_annotated,val,5,7,27.0,27.0
NIBIO_plot_6_annotated,val,6,8,13.5,13.5
NIBIO_plot_6_annotated,val,7,9,6.5,6.5
NIBIO_plot_6_annotated,val,8,10,11.5,11.5
NIBIO_plot_6_annotated,val,9,14,3.25,3.25
NIBIO_plot_6_annotated,val,10,17,15.75,15.25
NIBIO_plot_6_annotated,val,11,18,14.5,13.75
NIBIO_plot_6_annotated,val,12,19,0.25,0.25
NIBIO_plot_6_annotated,val,13,21,2.25,2.25
NIBIO_plot_6_annotated,val,14,24,23.5,23.5
NIBIO_plot_6_annotated,val,15,25,1.25,0.75
NIBIO_plot_6_annotated,val,16,26,12.0,12.0
NIBIO_plot_6_annotated,val,17,28,9.0,9.0
NIBIO_plot_6_annotated,val,18,29,0.25,0.25
NIBIO_plot_6_annotated,val,19,30,12.25,12.25
NIBIO_plot_6_annotated,val,20,32,1.5,1.5
NIBIO_plot_6_annotated,val,21,34,18.0,18.0
NIBIO_plot_6_annotated,val,22,37,6.75,6.75
NIBIO_plot_6_annotated,val,23,38,5.75,5.5
NIBIO_plot_6_annotated,val,24,39,4.25,4.25
NIBIO_plot_6_annotated,val,25,40,1.25,1.25
NIBIO_plot_6_annotated,val,26,41,10.75,10.75
NIBIO_plot_6_annotated,val,27,43,5.25,5.25
NIBIO_plot_6_annotated,val,28,44,0.75,0.75
NIBIO_plot_6_annotated,val,29,45,10.25,10.25
NIBIO_plot_7_annotated,train,0,1,9.5,9.25
NIBIO_plot_7_annotated,train,1,2,6.0,6.0
NIBIO_plot_7_annotated,train,2,3,19.75,19.75
NIBIO_plot_7_annotated,train,3,4,13.5,13.5
NIBIO_plot_7_annotated,train,4,5,38.5,38.5
NIBIO_plot_7_annotated,train,5,6,6.0,6.0
NIBIO_plot_7_annotated,train,6,7,6.75,6.75
NIBIO_plot_7_annotated,train,7,8,20.75,20.75
NIBIO_plot_7_annotated,train,8,9,18.25,18.0
NIBIO_plot_7_annotated,train,9,10,22.5,22.5
NIBIO_plot_7_annotated,train,10,11,1.5,0.5
NIBIO_plot_7_annotated,train,11,12,16.0,16.0
NIBIO_plot_7_annotated,train,12,13,31.25,31.25
NIBIO_plot_7_annotated,train,13,17,0.75,0.75
NIBIO_plot_7_annotated,train,14,18,16.0,16.0
NIBIO_plot_7_annotated,train,15,19,5.0,5.0
NIBIO_plot_7_annotated,train,16,22,2.5,2.5
NIBIO_plot_7_annotated,train,17,23,0.25,0.25
NIBIO_plot_7_annotated,train,18,27,4.0,4.0
NIBIO_plot_7_annotated,train,19,28,8.75,8.75
NIBIO_plot_8_annotated,train,0,1,30.5,30.5
NIBIO_plot_8_annotated,train,1,2,23.0,23.0
NIBIO_plot_8_annotated,train,2,3,13.5,13.5
NIBIO_plot_8_annotated,train,3,4,25.25,25.25
NIBIO_plot_8_annotated,train,4,5,2.25,2.25
NIBIO_plot_8_annotated,train,5,6,17.75,17.75
NIBIO_plot_8_annotated,train,6,7,29.5,29.5
NIBIO_plot_8_annotated,train,7,8,6.75,6.75
NIBIO_plot_8_annotated,train,8,9,10.5,10.5
NIBIO_plot_8_annotated,train,9,10,29.75,29.75
NIBIO_plot_8_annotated,train,10,11,2.75,2.0
NIBIO_plot_8_annotated,train,11,12,7.5,7.5
NIBIO_plot_8_annotated,train,12,13,10.5,10.5
NIBIO_plot_8_annotated,train,13,14,6.5,6.5
NIBIO_plot_8_annotated,train,14,15,1.25,1.25
NIBIO_plot_8_annotated,train,15,16,1.0,0.5
NIBIO_plot_8_annotated,train,16,17,0.25,0.25
NIBIO_plot_8_annotated,train,17,18,21.0,21.0
NIBIO_plot_8_annotated,train,18,20,5.25,4.75
NIBIO_plot_8_annotated,train,19,21,47.0,47.0
NIBIO_plot_8_annotated,train,20,22,9.5,9.5
NIBIO_plot_9_annotated,train,0,1,25.0,25.0
NIBIO_plot_9_annotated,train,1,2,26.0,26.0
NIBIO_plot_9_annotated,train,2,3,0.25,0.25
NIBIO_plot_9_annotated,train,3,4,27.75,27.75
NIBIO_plot_9_annotated,train,4,5,9.5,9.5
NIBIO_plot_9_annotated,train,5,6,26.5,26.5
NIBIO_plot_9_annotated,train,6,7,26.75,26.5
NIBIO_plot_9_annotated,train,7,8,54.75,54.75
NIBIO_plot_9_annotated,train,8,9,26.0,26.0
NIBIO_plot_9_annotated,train,9,10,17.75,17.75
NIBIO_plot_9_annotated,train,10,11,0.75,0.75
NIBIO_plot_9_annotated,train,11,12,6.25,6.25
NIBIO_plot_9_annotated,train,12,13,2.75,1.5
NIBIO_plot_9_annotated,train,13,15,1.75,1.75
NIBIO_plot_9_annotated,train,14,21,6.75,6.75
NIBIO_plot_9_annotated,train,15,22,1.75,1.75
NIBIO_plot_9_annotated,train,16,23,10.5,10.25
NIBIO_plot_9_annotated,train,17,24,1.25,1.25
RMIT_test,test,0,1,45.0,45.0
RMIT_test,test,1,3,25.0,25.0
RMIT_test,test,2,4,1.0,1.0
RMIT_test,test,3,5,11.0,11.0
RMIT_test,test,4,69,1.0,0.75
RMIT_test,test,5,70,24.25,24.25
RMIT_test,test,6,71,12.75,12.75
RMIT_test,test,7,79,12.25,12.25
RMIT_test,test,8,84,9.0,9.0
RMIT_test,test,9,87,7.25,7.25
RMIT_test,test,10,90,5.0,5.0
RMIT_test,test,11,93,9.0,9.0
RMIT_test,test,12,98,12.25,12.0
RMIT_test,test,13,99,10.75,10.75
RMIT_test,test,14,100,60.5,60.5
RMIT_test,test,15,102,6.5,6.5
RMIT_test,test,16,103,8.25,8.25
RMIT_test,test,17,104,6.0,3.5
RMIT_test,test,18,106,7.25,7.25
RMIT_test,test,19,118,12.75,12.75
RMIT_test,test,20,119,11.75,11.75
RMIT_test,test,21,120,10.0,10.0
RMIT_test,test,22,141,2.25,2.25
RMIT_test,test,23,143,0.5,0.5
RMIT_test,test,24,167,1.25,1.25
RMIT_test,test,25,168,0.25,0.25
RMIT_test,test,26,169,0.75,0.75
RMIT_test,test,27,170,3.75,3.75
RMIT_test,test,28,181,3.75,3.75
RMIT_test,test,29,182,2.0,2.0
RMIT_test,test,30,183,1.75,1.5
RMIT_test,test,31,184,3.75,3.75
RMIT_test,test,32,185,3.0,3.0
RMIT_test,test,33,187,6.5,6.5
RMIT_test,test,34,188,4.5,4.5
RMIT_test,test,35,189,1.25,1.25
RMIT_test,test,36,190,2.25,2.25
RMIT_test,test,37,191,3.25,3.25
RMIT_test,test,38,192,7.0,7.0
RMIT_test,test,39,193,0.5,0.5
RMIT_test,test,40,194,0.25,0.25
RMIT_test,test,41,195,1.75,1.75
RMIT_test,test,42,196,6.5,6.5
RMIT_test,test,43,198,1.0,1.0
RMIT_test,test,44,199,3.0,3.0
RMIT_test,test,45,200,0.75,0.75
RMIT_test,test,46,203,0.75,0.75
RMIT_test,test,47,204,0.75,0.5
RMIT_test,test,48,205,4.75,4.5
RMIT_test,test,49,206,4.5,4.5
RMIT_test,test,50,207,0.5,0.5
RMIT_test,test,51,209,5.5,5.5
RMIT_test,test,52,210,5.75,5.75
RMIT_test,test,53,211,3.75,3.75
RMIT_test,test,54,212,6.0,6.0
RMIT_test,test,55,217,2.25,2.25
RMIT_test,test,56,221,0.5,0.5
RMIT_train,train,0,6,42.0,42.0
RMIT_train,train,1,7,68.75,68.75
RMIT_train,train,2,8,41.0,41.0
RMIT_train,train,3,9,0.5,0.5
RMIT_train,train,4,10,8.5,6.75
RMIT_train,train,5,11,25.75,25.75
RMIT_train,train,6,12,33.5,33.5
RMIT_train,train,7,13,69.75,69.75
RMIT_train,train,8,14,26.25,26.25
RMIT_train,train,9,15,6.5,6.5
RMIT_train,train,10,16,13.75,13.75
RMIT_train,train,11,17,20.75,20.75
RMIT_train,train,12,18,28.0,28.0
RMIT_train,train,13,19,24.0,24.0
RMIT_train,train,14,20,30.5,30.5
RMIT_train,train,15,21,8.0,6.25
RMIT_train,train,16,22,28.75,28.75
RMIT_train,train,17,23,21.25,21.25
RMIT_train,train,18,24,16.25,16.25
RMIT_train,train,19,25,0.5,0.5
RMIT_train,train,20,26,16.5,16.5
RMIT_train,train,21,27,22.75,22.75
RMIT_train,train,22,28,4.75,4.75
RMIT_train,train,23,29,7.75,7.75
RMIT_train,train,24,30,15.5,15.5
RMIT_train,train,25,31,9.25,9.25
RMIT_train,train,26,32,16.75,16.75
RMIT_train,train,27,33,0.5,0.5
RMIT_train,train,28,34,7.0,7.0
RMIT_train,train,29,35,20.5,20.5
RMIT_train,train,30,36,9.25,9.25
RMIT_train,train,31,37,38.25,38.25
RMIT_train,train,32,38,11.0,11.0
RMIT_train,train,33,39,1.5,1.5
RMIT_train,train,34,40,9.5,9.5
RMIT_train,train,35,41,23.25,23.25
RMIT_train,train,36,42,6.5,6.5
RMIT_train,train,37,43,5.0,2.5
RMIT_train,train,38,44,15.5,15.5
RMIT_train,train,39,45,24.5,24.5
RMIT_train,train,40,46,12.75,12.75
RMIT_train,train,41,47,14.5,14.5
RMIT_train,train,42,48,1.0,0.75
RMIT_train,train,43,49,10.0,10.0
RMIT_train,train,44,50,6.75,6.5
RMIT_train,train,45,51,9.0,9.0
RMIT_train,train,46,52,54.75,54.75
RMIT_train,train,47,53,21.0,21.0
RMIT_train,train,48,54,24.25,24.25
RMIT_train,train,49,55,12.5,12.5
RMIT_train,train,50,56,34.5,34.5
RMIT_train,train,51,57,9.25,9.25
RMIT_train,train,52,58,29.75,29.75
RMIT_train,train,53,59,8.0,8.0
RMIT_train,train,54,60,4.0,3.75
RMIT_train,train,55,61,5.5,5.5
RMIT_train,train,56,62,9.25,9.25
RMIT_train,train,57,63,16.5,16.5
RMIT_train,train,58,64,20.25,20.25
RMIT_train,train,59,65,19.75,19.75
RMIT_train,train,60,66,28.0,28.0
RMIT_train,train,61,67,5.25,5.25
RMIT_train,train,62,68,11.5,10.75
RMIT_train,train,63,72,17.75,17.75
RMIT_train,train,64,73,21.75,21.75
RMIT_train,train,65,74,54.25,49.5
RMIT_train,train,66,75,7.75,7.75
RMIT_train,train,67,76,5.0,5.0
RMIT_train,train,68,77,8.0,8.0
RMIT_train,train,69,78,8.75,8.75
RMIT_train,train,70,80,7.75,7.75
RMIT_train,train,71,81,5.75,5.75
RMIT_train,train,72,82,1.75,1.75
RMIT_train,train,73,83,7.25,7.25
RMIT_train,train,74,85,12.0,11.5
RMIT_train,train,75,86,4.5,4.5
RMIT_train,train,76,88,23.5,23.0
RMIT_train,train,77,89,13.25,13.25
RMIT_train,train,78,91,1.5,1.5
RMIT_train,train,79,92,8.25,8.25
RMIT_train,train,80,94,9.25,9.25
RMIT_train,train,81,95,8.25,8.25
RMIT_train,train,82,96,29.25,29.25
RMIT_train,train,83,97,4.0,4.0
RMIT_train,train,84,105,2.75,2.75
RMIT_train,train,85,107,3.25,3.25
RMIT_train,train,86,108,4.0,4.0
RMIT_train,train,87,109,2.25,2.25
RMIT_train,train,88,110,10.75,10.75
RMIT_train,train,89,111,20.75,20.75
RMIT_train,train,90,112,12.5,12.5
RMIT_train,train,91,113,2.0,2.0
RMIT_train,train,92,114,10.5,10.5
RMIT_train,train,93,115,3.0,3.0
RMIT_train,train,94,116,7.5,7.5
RMIT_train,train,95,117,3.25,3.25
RMIT_train,train,96,121,10.0,10.0
RMIT_train,train,97,122,13.0,13.0
RMIT_train,train,98,123,3.75,3.75
RMIT_train,train,99,125,1.0,0.75
RMIT_train,train,100,126,4.25,4.25
RMIT_train,train,101,127,8.75,8.75
RMIT_train,train,102,128,2.25,2.25
RMIT_train,train,103,129,1.75,1.75
RMIT_train,train,104,130,7.25,7.25
RMIT_train,train,105,131,0.5,0.5
RMIT_train,train,106,132,9.25,9.25
RMIT_train,train,107,134,0.5,0.5
RMIT_train,train,108,136,5.75,5.75
RMIT_train,train,109,137,2.25,2.25
RMIT_train,train,110,138,3.25,2.0
RMIT_train,train,111,139,2.75,2.75
RMIT_train,train,112,140,4.75,4.75
RMIT_train,train,113,145,5.5,5.5
RMIT_train,train,114,146,4.75,4.75
RMIT_train,train,115,147,0.25,0.25
RMIT_train,train,116,148,1.5,1.5
RMIT_train,train,117,149,0.5,0.5
RMIT_train,train,118,150,0.5,0.5
RMIT_train,train,119,151,1.75,1.75
RMIT_train,train,120,152,0.5,0.5
RMIT_train,train,121,153,1.5,1.5
RMIT_train,train,122,155,1.5,1.5
RMIT_train,train,123,156,0.75,0.75
RMIT_train,train,124,157,0.5,0.25
RMIT_train,train,125,159,9.0,9.0
RMIT_train,train,126,160,4.75,4.25
RMIT_train,train,127,161,6.0,5.0
RMIT_train,train,128,162,1.0,0.75
RMIT_train,train,129,166,0.5,0.5
RMIT_train,train,130,171,1.0,0.75
RMIT_train,train,131,173,2.25,2.0
RMIT_train,train,132,180,4.75,4.75
RMIT_train,train,133,208,1.75,1.75
RMIT_train,train,134,214,0.5,0.5
RMIT_train,train,135,216,1.25,1.0
RMIT_train,train,136,218,0.5,0.5
RMIT_train,train,137,219,2.0,2.0
RMIT_train,train,138,220,3.25,3.25
SCION_plot_31_annotated,test,0,1,24.25,24.25
SCION_plot_31_annotated,test,1,2,11.25,11.0
SCION_plot_31_annotated,test,2,3,13.75,13.75
SCION_plot_31_annotated,test,3,4,29.5,29.5
SCION_plot_31_annotated,test,4,5,7.25,7.25
SCION_plot_31_annotated,test,5,6,16.75,16.75
SCION_plot_31_annotated,test,6,7,32.25,31.5
SCION_plot_31_annotated,test,7,8,24.25,24.25
SCION_plot_31_annotated,test,8,9,60.5,60.25
SCION_plot_31_annotated,test,9,10,2.75,2.75
SCION_plot_31_annotated,test,10,11,5.25,3.25
SCION_plot_31_annotated,test,11,12,11.5,11.25
SCION_plot_31_annotated,test,12,13,8.25,8.25
SCION_plot_31_annotated,test,13,14,52.75,52.5
SCION_plot_31_annotated,test,14,15,23.0,23.0
SCION_plot_31_annotated,test,15,16,9.25,9.25
SCION_plot_31_annotated,test,16,17,23.0,23.0
SCION_plot_31_annotated,test,17,18,21.25,21.25
SCION_plot_31_annotated,test,18,19,19.25,19.0
SCION_plot_31_annotated,test,19,20,37.5,37.5
SCION_plot_31_annotated,test,20,21,34.0,34.0
SCION_plot_31_annotated,test,21,22,13.25,13.25
SCION_plot_31_annotated,test,22,23,3.5,3.0
SCION_plot_31_annotated,test,23,24,15.0,15.0
SCION_plot_31_annotated,test,24,25,21.5,21.5
SCION_plot_35_annotated,train,0,1,46.25,46.25
SCION_plot_35_annotated,train,1,2,55.0,54.75
SCION_plot_35_annotated,train,2,3,48.25,48.25
SCION_plot_35_annotated,train,3,5,25.25,25.0
SCION_plot_35_annotated,train,4,6,37.0,35.75
SCION_plot_35_annotated,train,5,7,24.5,24.5
SCION_plot_35_annotated,train,6,8,32.0,32.0
SCION_plot_35_annotated,train,7,9,34.0,34.0
SCION_plot_35_annotated,train,8,11,13.75,13.75
SCION_plot_35_annotated,train,9,12,26.25,26.25
SCION_plot_35_annotated,train,10,13,33.0,32.75
SCION_plot_35_annotated,train,11,14,32.5,32.5
SCION_plot_35_annotated,train,12,15,4.5,4.5
SCION_plot_35_annotated,train,13,16,11.0,11.0
SCION_plot_35_annotated,train,14,17,20.75,20.75
SCION_plot_35_annotated,train,15,18,21.0,20.75
SCION_plot_35_annotated,train,16,20,30.25,30.25
SCION_plot_35_annotated,train,17,21,35.75,35.75
SCION_plot_35_annotated,train,18,22,5.5,5.5
SCION_plot_39_annotated,val,0,1,8.75,8.75
SCION_plot_39_annotated,val,1,2,12.0,12.0
SCION_plot_39_annotated,val,2,3,11.5,11.5
SCION_plot_39_annotated,val,3,4,1.25,1.25
SCION_plot_39_annotated,val,4,5,0.25,0.25
SCION_plot_39_annotated,val,5,6,5.0,5.0
SCION_plot_39_annotated,val,6,7,4.25,4.25
SCION_plot_39_annotated,val,7,8,2.75,2.5
SCION_plot_39_annotated,val,8,9,6.0,6.0
SCION_plot_39_annotated,val,9,10,8.25,8.25
SCION_plot_39_annotated,val,10,11,11.75,11.75
SCION_plot_39_annotated,val,11,12,0.75,0.75
SCION_plot_39_annotated,val,12,13,7.5,7.5
SCION_plot_39_annotated,val,13,14,10.75,10.75
SCION_plot_39_annotated,val,14,15,2.25,2.25
SCION_plot_39_annotated,val,15,16,1.25,1.0
SCION_plot_39_annotated,val,16,17,22.25,22.25
SCION_plot_39_annotated,val,17,18,7.5,7.5
SCION_plot_39_annotated,val,18,19,0.75,0.25
SCION_plot_39_annotated,val,19,20,7.75,7.75
SCION_plot_39_annotated,val,20,21,6.25,3.75
SCION_plot_39_annotated,val,21,22,14.5,7.25
SCION_plot_39_annotated,val,22,23,31.75,31.75
SCION_plot_39_annotated,val,23,24,26.25,26.25
SCION_plot_39_annotated,val,24,25,28.25,28.25
SCION_plot_39_annotated,val,25,26,17.5,17.5
SCION_plot_39_annotated,val,26,27,5.5,5.5
SCION_plot_39_annotated,val,27,28,10.0,10.0
SCION_plot_39_annotated,val,28,29,26.5,23.0
SCION_plot_39_annotated,val,29,30,19.75,19.75
SCION_plot_39_annotated,val,30,31,22.25,22.0
SCION_plot_39_annotated,val,31,32,27.25,27.25
SCION_plot_39_annotated,val,32,33,26.0,26.0
SCION_plot_39_annotated,val,33,34,31.25,31.25
SCION_plot_39_annotated,val,34,35,21.25,21.25
SCION_plot_39_annotated,val,35,36,38.5,38.5
SCION_plot_39_annotated,val,36,37,0.25,0.25
SCION_plot_39_annotated,val,37,39,0.5,0.25
SCION_plot_39_annotated,val,38,40,0.25,0.25
SCION_plot_39_annotated,val,39,43,2.75,2.75
SCION_plot_39_annotated,val,40,44,1.5,0.5
SCION_plot_39_annotated,val,41,45,1.5,1.5
SCION_plot_39_annotated,val,42,46,0.25,0.25
SCION_plot_39_annotated,val,43,47,2.0,2.0
SCION_plot_39_annotated,val,44,48,0.25,0.25
SCION_plot_61_annotated,test,0,1,43.5,43.5
SCION_plot_61_annotated,test,1,2,25.75,25.75
SCION_plot_61_annotated,test,2,3,27.5,27.5
SCION_plot_61_annotated,test,3,4,27.75,27.75
SCION_plot_61_annotated,test,4,5,20.75,20.75
SCION_plot_61_annotated,test,5,6,25.0,24.75
SCION_plot_61_annotated,test,6,8,23.0,23.0
SCION_plot_61_annotated,test,7,9,32.0,32.0
SCION_plot_61_annotated,test,8,10,13.75,13.75
SCION_plot_61_annotated,test,9,11,32.0,32.0
SCION_plot_61_annotated,test,10,12,8.0,8.0
SCION_plot_61_annotated,test,11,13,39.5,39.5
SCION_plot_61_annotated,test,12,14,57.75,56.75
SCION_plot_61_annotated,test,13,15,30.0,29.75
SCION_plot_61_annotated,test,14,16,39.25,39.25
SCION_plot_87_annotated,train,0,1,31.25,31.25
SCION_plot_87_annotated,train,1,2,24.75,24.75
SCION_plot_87_annotated,train,2,3,4.25,3.0
SCION_plot_87_annotated,train,3,4,45.75,45.75
SCION_plot_87_annotated,train,4,5,28.5,28.5
SCION_plot_87_annotated,train,5,6,4.0,3.75
SCION_plot_87_annotated,train,6,7,0.25,0.25
SCION_plot_87_annotated,train,7,8,31.25,31.25
SCION_plot_87_annotated,train,8,9,38.75,38.75
SCION_plot_87_annotated,train,9,10,28.75,28.75
SCION_plot_87_annotated,train,10,11,2.75,1.5
SCION_plot_87_annotated,train,11,12,22.0,22.0
SCION_plot_87_annotated,train,12,13,15.0,14.25
SCION_plot_87_annotated,train,13,14,50.5,50.25
SCION_plot_87_annotated,train,14,15,31.75,31.75
SCION_plot_87_annotated,train,15,16,51.25,51.25
SCION_plot_87_annotated,train,16,17,28.5,28.5
SCION_plot_87_annotated,train,17,18,40.75,40.5
SCION_plot_87_annotated,train,18,20,29.5,29.5
SCION_plot_87_annotated,train,19,21,1.25,1.25
TUWIEN_test,test,0,130,30.75,30.75
TUWIEN_test,test,1,131,25.75,25.75
TUWIEN_test,test,2,132,4.25,3.25
TUWIEN_test,test,3,133,9.25,9.25
TUWIEN_test,test,4,134,3.25,3.25
TUWIEN_test,test,5,135,5.5,5.5
TUWIEN_test,test,6,136,8.5,8.5
TUWIEN_test,test,7,137,12.25,12.25
TUWIEN_test,test,8,138,30.75,30.75
TUWIEN_test,test,9,139,19.5,19.5
TUWIEN_test,test,10,140,11.5,11.25
TUWIEN_test,test,11,142,8.0,8.0
TUWIEN_test,test,12,147,47.0,45.5
TUWIEN_test,test,13,148,61.0,61.0
TUWIEN_test,test,14,149,134.5,134.5
TUWIEN_test,test,15,153,10.25,9.5
TUWIEN_test,test,16,154,5.25,5.25
TUWIEN_test,test,17,155,5.75,5.75
TUWIEN_test,test,18,158,0.25,0.25
TUWIEN_test,test,19,160,3.75,3.25
TUWIEN_test,test,20,161,22.5,21.75
TUWIEN_test,test,21,163,58.0,58.0
TUWIEN_test,test,22,164,9.0,6.75
TUWIEN_test,test,23,165,119.5,119.5
TUWIEN_test,test,24,166,3.0,2.5
TUWIEN_train,train,0,1,4.0,2.0
TUWIEN_train,train,1,2,4.75,4.0
TUWIEN_train,train,2,4,13.25,13.25
TUWIEN_train,train,3,6,0.25,0.25
TUWIEN_train,train,4,7,39.25,39.25
TUWIEN_train,train,5,8,22.25,20.75
TUWIEN_train,train,6,9,56.25,56.25
TUWIEN_train,train,7,10,172.75,172.75
TUWIEN_train,train,8,12,5.75,3.5
TUWIEN_train,train,9,13,141.5,141.5
TUWIEN_train,train,10,17,8.75,8.75
TUWIEN_train,train,11,18,9.25,8.75
TUWIEN_train,train,12,21,4.0,3.75
TUWIEN_train,train,13,22,42.25,40.5
TUWIEN_train,train,14,27,13.0,13.0
TUWIEN_train,train,15,30,9.75,9.75
TUWIEN_train,train,16,31,202.5,202.5
TUWIEN_train,train,17,32,77.0,77.0
TUWIEN_train,train,18,33,92.5,91.25
TUWIEN_train,train,19,34,98.25,98.0
TUWIEN_train,train,20,35,145.0,137.5
TUWIEN_train,train,21,36,90.75,90.5
TUWIEN_train,train,22,38,31.0,31.0
TUWIEN_train,train,23,39,0.5,0.5
TUWIEN_train,train,24,45,7.5,7.5
TUWIEN_train,train,25,46,11.75,11.75
TUWIEN_train,train,26,49,55.75,55.75
TUWIEN_train,train,27,50,39.25,39.25
TUWIEN_train,train,28,52,6.0,5.25
TUWIEN_train,train,29,53,58.5,58.5
TUWIEN_train,train,30,54,35.75,34.25
TUWIEN_train,train,31,55,8.5,8.5
TUWIEN_train,train,32,58,0.75,0.75
TUWIEN_train,train,33,59,52.0,51.0
TUWIEN_train,train,34,61,28.0,25.5
TUWIEN_train,train,35,62,28.5,28.5
TUWIEN_train,train,36,64,33.25,33.0
TUWIEN_train,train,37,66,4.0,3.25
TUWIEN_train,train,38,69,0.75,0.75
TUWIEN_train,train,39,70,61.25,58.0
TUWIEN_train,train,40,75,0.75,0.5
TUWIEN_train,train,41,77,8.0,8.0
TUWIEN_train,train,42,79,22.25,22.25
TUWIEN_train,train,43,81,4.75,4.75
TUWIEN_train,train,44,82,16.0,16.0
TUWIEN_train,train,45,83,34.5,34.5
TUWIEN_train,train,46,84,16.0,16.0
TUWIEN_train,train,47,85,0.25,0.25
TUWIEN_train,train,48,86,16.75,16.75
TUWIEN_train,train,49,87,3.0,3.0
TUWIEN_train,train,50,89,56.5,56.5
TUWIEN_train,train,51,90,23.5,23.25
TUWIEN_train,train,52,91,17.25,17.25
TUWIEN_train,train,53,92,5.0,2.0
TUWIEN_train,train,54,93,1.25,1.25
TUWIEN_train,train,55,98,67.75,67.5
TUWIEN_train,train,56,100,47.75,46.75
TUWIEN_train,train,57,101,3.0,2.5
TUWIEN_train,train,58,102,16.0,15.5
TUWIEN_train,train,59,105,0.5,0.5
TUWIEN_train,train,60,106,68.0,67.0
TUWIEN_train,train,61,107,11.0,11.0
TUWIEN_train,train,62,110,0.75,0.75
TUWIEN_train,train,63,112,2.0,2.0
TUWIEN_train,train,64,114,8.5,5.25
TUWIEN_train,train,65,115,1.0,0.5
TUWIEN_train,train,66,116,49.0,49.0
TUWIEN_train,train,67,117,23.25,23.25
TUWIEN_train,train,68,118,28.0,27.5
TUWIEN_train,train,69,120,25.25,25.0
TUWIEN_train,train,70,122,3.0,2.75
TUWIEN_train,train,71,127,0.25,0.25
TUWIEN_train,train,72,129,28.75,28.75
