dataset_id,source_dataset,collection,official_split,model_split,annotation_method,source_las,output,gt_raster,gt_vector,raw_points,voxels,tree_voxels,instances,voxel_size
for__CULS_plot_1_annotated,FOR-instance,CULS,dev,val,point_native,/home/maciej.wielgosz/Projects/segm/FOR-instance/CULS/plot_1_annotated.las,/home/maciej.wielgosz/Projects/segm/DL_model_version/pointcloud_dataset_0p25m/val/for__CULS_plot_1_annotated.npz,/home/maciej.wielgosz/Projects/segm/DL_model_version/reused/for_instance_chm_gt_0p5m/topmost_gt_CULS_plot_1_annotated.tif,/home/maciej.wielgosz/Projects/segm/DL_model_version/reused/for_instance_chm_gt_0p5m/topmost_gt_CULS_plot_1_annotated.gpkg,1816672,69058,23599,6,0.25
for__CULS_plot_2_annotated,FOR-instance,CULS,test,test,point_native,/home/maciej.wielgosz/Projects/segm/FOR-instance/CULS/plot_2_annotated.las,/home/maciej.wielgosz/Projects/segm/DL_model_version/pointcloud_dataset_0p25m/test/for__CULS_plot_2_annotated.npz,/home/maciej.wielgosz/Projects/segm/DL_model_version/reused/for_instance_chm_gt_0p5m/topmost_gt_CULS_plot_2_annotated.tif,/home/maciej.wielgosz/Projects/segm/DL_model_version/reused/for_instance_chm_gt_0p5m/topmost_gt_CULS_plot_2_annotated.gpkg,3946098,215315,86639,20,0.25
for__CULS_plot_3_annotated,FOR-instance,CULS,dev,train,point_native,/home/maciej.wielgosz/Projects/segm/FOR-instance/CULS/plot_3_annotated.las,/home/maciej.wielgosz/Projects/segm/DL_model_version/pointcloud_dataset_0p25m/train/for__CULS_plot_3_annotated.npz,/home/maciej.wielgosz/Projects/segm/DL_model_version/reused/for_instance_chm_gt_0p5m/topmost_gt_CULS_plot_3_annotated.tif,/home/maciej.wielgosz/Projects/segm/DL_model_version/reused/for_instance_chm_gt_0p5m/topmost_gt_CULS_plot_3_annotated.gpkg,3084916,178944,80732,21,0.25
for__NIBIO_plot_10_annotated,FOR-instance,NIBIO,dev,train,point_native,/home/maciej.wielgosz/Projects/segm/FOR-instance/NIBIO/plot_10_annotated.las,/home/maciej.wielgosz/Projects/segm/DL_model_version/pointcloud_dataset_0p25m/train/for__NIBIO_plot_10_annotated.npz,/home/maciej.wielgosz/Projects/segm/DL_model_version/reused/for_instance_chm_gt_0p5m/topmost_gt_NIBIO_plot_10_annotated.tif,/home/maciej.wielgosz/Projects/segm/DL_model_version/reused/for_instance_chm_gt_0p5m/topmost_gt_NIBIO_plot_10_annotated.gpkg,4066375,229529,102359,25,0.25
for__NIBIO_plot_11_annotated,FOR-instance,NIBIO,dev,train,point_native,/home/maciej.wielgosz/Projects/segm/FOR-instance/NIBIO/plot_11_annotated.las,/home/maciej.wielgosz/Projects/segm/DL_model_version/pointcloud_dataset_0p25m/train/for__NIBIO_plot_11_annotated.npz,/home/maciej.wielgosz/Projects/segm/DL_model_version/reused/for_instance_chm_gt_0p5m/topmost_gt_NIBIO_plot_11_annotated.tif,/home/maciej.wielgosz/Projects/segm/DL_model_version/reused/for_instance_chm_gt_0p5m/topmost_gt_NIBIO_plot_11_annotated.gpkg,6374998,328139,162651,29,0.25
for__NIBIO_plot_12_annotated,FOR-instance,NIBIO,dev,train,point_native,/home/maciej.wielgosz/Projects/segm/FOR-instance/NIBIO/plot_12_annotated.las,/home/maciej.wielgosz/Projects/segm/DL_model_version/pointcloud_dataset_0p25m/train/for__NIBIO_plot_12_annotated.npz,/home/maciej.wielgosz/Projects/segm/DL_model_version/reused/for_instance_chm_gt_0p5m/topmost_gt_NIBIO_plot_12_annotated.tif,/home/maciej.wielgosz/Projects/segm/DL_model_version/reused/for_instance_chm_gt_0p5m/topmost_gt_NIBIO_plot_12_annotated.gpkg,7866181,347076,139886,26,0.25
for__NIBIO_plot_13_annotated,FOR-instance,NIBIO,dev,val,point_native,/home/maciej.wielgosz/Projects/segm/FOR-instance/NIBIO/plot_13_annotated.las,/home/maciej.wielgosz/Projects/segm/DL_model_version/pointcloud_dataset_0p25m/val/for__NIBIO_plot_13_annotated.npz,/home/maciej.wielgosz/Projects/segm/DL_model_version/reused/for_instance_chm_gt_0p5m/topmost_gt_NIBIO_plot_13_annotated.tif,/home/maciej.wielgosz/Projects/segm/DL_model_version/reused/for_instance_chm_gt_0p5m/topmost_gt_NIBIO_plot_13_annotated.gpkg,6705567,360735,125205,35,0.25
for__NIBIO_plot_16_annotated,FOR-instance,NIBIO,dev,train,point_native,/home/maciej.wielgosz/Projects/segm/FOR-instance/NIBIO/plot_16_annotated.las,/home/maciej.wielgosz/Projects/segm/DL_model_version/pointcloud_dataset_0p25m/train/for__NIBIO_plot_16_annotated.npz,/home/maciej.wielgosz/Projects/segm/DL_model_version/reused/for_instance_chm_gt_0p5m/topmost_gt_NIBIO_plot_16_annotated.tif,/home/maciej.wielgosz/Projects/segm/DL_model_version/reused/for_instance_chm_gt_0p5m/topmost_gt_NIBIO_plot_16_annotated.gpkg,5460307,316003,128732,38,0.25
for__NIBIO_plot_17_annotated,FOR-instance,NIBIO,test,test,point_native,/home/maciej.wielgosz/Projects/segm/FOR-instance/NIBIO/plot_17_annotated.las,/home/maciej.wielgosz/Projects/segm/DL_model_version/pointcloud_dataset_0p25m/test/for__NIBIO_plot_17_annotated.npz,/home/maciej.wielgosz/Projects/segm/DL_model_version/reused/for_instance_chm_gt_0p5m/topmost_gt_NIBIO_plot_17_annotated.tif,/home/maciej.wielgosz/Projects/segm/DL_model_version/reused/for_instance_chm_gt_0p5m/topmost_gt_NIBIO_plot_17_annotated.gpkg,6890118,358577,137250,30,0.25
for__NIBIO_plot_18_annotated,FOR-instance,NIBIO,test,test,point_native,/home/maciej.wielgosz/Projects/segm/FOR-instance/NIBIO/plot_18_annotated.las,/home/maciej.wielgosz/Projects/segm/DL_model_version/pointcloud_dataset_0p25m/test/for__NIBIO_plot_18_annotated.npz,/home/maciej.wielgosz/Projects/segm/DL_model_version/reused/for_instance_chm_gt_0p5m/topmost_gt_NIBIO_plot_18_annotated.tif,/home/maciej.wielgosz/Projects/segm/DL_model_version/reused/for_instance_chm_gt_0p5m/topmost_gt_NIBIO_plot_18_annotated.gpkg,6915118,313465,105412,27,0.25
for__NIBIO_plot_19_annotated,FOR-instance,NIBIO,dev,val,point_native,/home/maciej.wielgosz/Projects/segm/FOR-instance/NIBIO/plot_19_annotated.las,/home/maciej.wielgosz/Projects/segm/DL_model_version/pointcloud_dataset_0p25m/val/for__NIBIO_plot_19_annotated.npz,/home/maciej.wielgosz/Projects/segm/DL_model_version/reused/for_instance_chm_gt_0p5m/topmost_gt_NIBIO_plot_19_annotated.tif,/home/maciej.wielgosz/Projects/segm/DL_model_version/reused/for_instance_chm_gt_0p5m/topmost_gt_NIBIO_plot_19_annotated.gpkg,7061905,357696,121219,33,0.25
for__NIBIO_plot_1_annotated,FOR-instance,NIBIO,test,test,point_native,/home/maciej.wielgosz/Projects/segm/FOR-instance/NIBIO/plot_1_annotated.las,/home/maciej.wielgosz/Projects/segm/DL_model_version/pointcloud_dataset_0p25m/test/for__NIBIO_plot_1_annotated.npz,/home/maciej.wielgosz/Projects/segm/DL_model_version/reused/for_instance_chm_gt_0p5m/topmost_gt_NIBIO_plot_1_annotated.tif,/home/maciej.wielgosz/Projects/segm/DL_model_version/reused/for_instance_chm_gt_0p5m/topmost_gt_NIBIO_plot_1_annotated.gpkg,5000698,355005,171820,37,0.25
for__NIBIO_plot_21_annotated,FOR-instance,NIBIO,dev,train,point_native,/home/maciej.wielgosz/Projects/segm/FOR-instance/NIBIO/plot_21_annotated.las,/home/maciej.wielgosz/Projects/segm/DL_model_version/pointcloud_dataset_0p25m/train/for__NIBIO_plot_21_annotated.npz,/home/maciej.wielgosz/Projects/segm/DL_model_version/reused/for_instance_chm_gt_0p5m/topmost_gt_NIBIO_plot_21_annotated.tif,/home/maciej.wielgosz/Projects/segm/DL_model_version/reused/for_instance_chm_gt_0p5m/topmost_gt_NIBIO_plot_21_annotated.gpkg,5846863,315674,123118,23,0.25
for__NIBIO_plot_22_annotated,FOR-instance,NIBIO,test,test,point_native,/home/maciej.wielgosz/Projects/segm/FOR-instance/NIBIO/plot_22_annotated.las,/home/maciej.wielgosz/Projects/segm/DL_model_version/pointcloud_dataset_0p25m/test/for__NIBIO_plot_22_annotated.npz,/home/maciej.wielgosz/Projects/segm/DL_model_version/reused/for_instance_chm_gt_0p5m/topmost_gt_NIBIO_plot_22_annotated.tif,/home/maciej.wielgosz/Projects/segm/DL_model_version/reused/for_instance_chm_gt_0p5m/topmost_gt_NIBIO_plot_22_annotated.gpkg,6366607,322496,120159,20,0.25
for__NIBIO_plot_23_annotated,FOR-instance,NIBIO,test,test,point_native,/home/maciej.wielgosz/Projects/segm/FOR-instance/NIBIO/plot_23_annotated.las,/home/maciej.wielgosz/Projects/segm/DL_model_version/pointcloud_dataset_0p25m/test/for__NIBIO_plot_23_annotated.npz,/home/maciej.wielgosz/Projects/segm/DL_model_version/reused/for_instance_chm_gt_0p5m/topmost_gt_NIBIO_plot_23_annotated.tif,/home/maciej.wielgosz/Projects/segm/DL_model_version/reused/for_instance_chm_gt_0p5m/topmost_gt_NIBIO_plot_23_annotated.gpkg,6163377,314438,124864,28,0.25
for__NIBIO_plot_2_annotated,FOR-instance,NIBIO,dev,train,point_native,/home/maciej.wielgosz/Projects/segm/FOR-instance/NIBIO/plot_2_annotated.las,/home/maciej.wielgosz/Projects/segm/DL_model_version/pointcloud_dataset_0p25m/train/for__NIBIO_plot_2_annotated.npz,/home/maciej.wielgosz/Projects/segm/DL_model_version/reused/for_instance_chm_gt_0p5m/topmost_gt_NIBIO_plot_2_annotated.tif,/home/maciej.wielgosz/Projects/segm/DL_model_version/reused/for_instance_chm_gt_0p5m/topmost_gt_NIBIO_plot_2_annotated.gpkg,5027570,330660,174592,40,0.25
for__NIBIO_plot_3_annotated,FOR-instance,NIBIO,dev,train,point_native,/home/maciej.wielgosz/Projects/segm/FOR-instance/NIBIO/plot_3_annotated.las,/home/maciej.wielgosz/Projects/segm/DL_model_version/pointcloud_dataset_0p25m/train/for__NIBIO_plot_3_annotated.npz,/home/maciej.wielgosz/Projects/segm/DL_model_version/reused/for_instance_chm_gt_0p5m/topmost_gt_NIBIO_plot_3_annotated.tif,/home/maciej.wielgosz/Projects/segm/DL_model_version/reused/for_instance_chm_gt_0p5m/topmost_gt_NIBIO_plot_3_annotated.gpkg,5302422,308078,142312,26,0.25
for__NIBIO_plot_4_annotated,FOR-instance,NIBIO,dev,train,point_native,/home/maciej.wielgosz/Projects/segm/FOR-instance/NIBIO/plot_4_annotated.las,/home/maciej.wielgosz/Projects/segm/DL_model_version/pointcloud_dataset_0p25m/train/for__NIBIO_plot_4_annotated.npz,/home/maciej.wielgosz/Projects/segm/DL_model_version/reused/for_instance_chm_gt_0p5m/topmost_gt_NIBIO_plot_4_annotated.tif,/home/maciej.wielgosz/Projects/segm/DL_model_version/reused/for_instance_chm_gt_0p5m/topmost_gt_NIBIO_plot_4_annotated.gpkg,5762467,294919,115259,25,0.25
for__NIBIO_plot_5_annotated,FOR-instance,NIBIO,test,test,point_native,/home/maciej.wielgosz/Projects/segm/FOR-instance/NIBIO/plot_5_annotated.las,/home/maciej.wielgosz/Projects/segm/DL_model_version/pointcloud_dataset_0p25m/test/for__NIBIO_plot_5_annotated.npz,/home/maciej.wielgosz/Projects/segm/DL_model_version/reused/for_instance_chm_gt_0p5m/topmost_gt_NIBIO_plot_5_annotated.tif,/home/maciej.wielgosz/Projects/segm/DL_model_version/reused/for_instance_chm_gt_0p5m/topmost_gt_NIBIO_plot_5_annotated.gpkg,5223631,260368,105900,19,0.25
for__NIBIO_plot_6_annotated,FOR-instance,NIBIO,dev,val,point_native,/home/maciej.wielgosz/Projects/segm/FOR-instance/NIBIO/plot_6_annotated.las,/home/maciej.wielgosz/Projects/segm/DL_model_version/pointcloud_dataset_0p25m/val/for__NIBIO_plot_6_annotated.npz,/home/maciej.wielgosz/Projects/segm/DL_model_version/reused/for_instance_chm_gt_0p5m/topmost_gt_NIBIO_plot_6_annotated.tif,/home/maciej.wielgosz/Projects/segm/DL_model_version/reused/for_instance_chm_gt_0p5m/topmost_gt_NIBIO_plot_6_annotated.gpkg,4551358,318235,120865,44,0.25
for__NIBIO_plot_7_annotated,FOR-instance,NIBIO,dev,train,point_native,/home/maciej.wielgosz/Projects/segm/FOR-instance/NIBIO/plot_7_annotated.las,/home/maciej.wielgosz/Projects/segm/DL_model_version/pointcloud_dataset_0p25m/train/for__NIBIO_plot_7_annotated.npz,/home/maciej.wielgosz/Projects/segm/DL_model_version/reused/for_instance_chm_gt_0p5m/topmost_gt_NIBIO_plot_7_annotated.tif,/home/maciej.wielgosz/Projects/segm/DL_model_version/reused/for_instance_chm_gt_0p5m/topmost_gt_NIBIO_plot_7_annotated.gpkg,4943818,320697,112894,29,0.25
for__NIBIO_plot_8_annotated,FOR-instance,NIBIO,dev,train,point_native,/home/maciej.wielgosz/Projects/segm/FOR-instance/NIBIO/plot_8_annotated.las,/home/maciej.wielgosz/Projects/segm/DL_model_version/pointcloud_dataset_0p25m/train/for__NIBIO_plot_8_annotated.npz,/home/maciej.wielgosz/Projects/segm/DL_model_version/reused/for_instance_chm_gt_0p5m/topmost_gt_NIBIO_plot_8_annotated.tif,/home/maciej.wielgosz/Projects/segm/DL_model_version/reused/for_instance_chm_gt_0p5m/topmost_gt_NIBIO_plot_8_annotated.gpkg,5269942,306406,127686,22,0.25
for__NIBIO_plot_9_annotated,FOR-instance,NIBIO,dev,train,point_native,/home/maciej.wielgosz/Projects/segm/FOR-instance/NIBIO/plot_9_annotated.las,/home/maciej.wielgosz/Projects/segm/DL_model_version/pointcloud_dataset_0p25m/train/for__NIBIO_plot_9_annotated.npz,/home/maciej.wielgosz/Projects/segm/DL_model_version/reused/for_instance_chm_gt_0p5m/topmost_gt_NIBIO_plot_9_annotated.tif,/home/maciej.wielgosz/Projects/segm/DL_model_version/reused/for_instance_chm_gt_0p5m/topmost_gt_NIBIO_plot_9_annotated.gpkg,5195391,303879,106260,19,0.25
for__RMIT_test,FOR-instance,RMIT,test,test,point_native,/home/maciej.wielgosz/Projects/segm/FOR-instance/RMIT/test.las,/home/maciej.wielgosz/Projects/segm/DL_model_version/pointcloud_dataset_0p25m/test/for__RMIT_test.npz,/home/maciej.wielgosz/Projects/segm/DL_model_version/reused/for_instance_chm_gt_0p5m/topmost_gt_RMIT_test.tif,/home/maciej.wielgosz/Projects/segm/DL_model_version/reused/for_instance_chm_gt_0p5m/topmost_gt_RMIT_test.gpkg,357435,70342,33132,64,0.25
for__RMIT_train,FOR-instance,RMIT,dev,train,point_native,/home/maciej.wielgosz/Projects/segm/FOR-instance/RMIT/train.las,/home/maciej.wielgosz/Projects/segm/DL_model_version/pointcloud_dataset_0p25m/train/for__RMIT_train.npz,/home/maciej.wielgosz/Projects/segm/DL_model_version/reused/for_instance_chm_gt_0p5m/topmost_gt_RMIT_train.tif,/home/maciej.wielgosz/Projects/segm/DL_model_version/reused/for_instance_chm_gt_0p5m/topmost_gt_RMIT_train.gpkg,1483208,231484,140103,159,0.25
for__SCION_plot_31_annotated,FOR-instance,SCION,test,test,point_native,/home/maciej.wielgosz/Projects/segm/FOR-instance/SCION/plot_31_annotated.las,/home/maciej.wielgosz/Projects/segm/DL_model_version/pointcloud_dataset_0p25m/test/for__SCION_plot_31_annotated.npz,/home/maciej.wielgosz/Projects/segm/DL_model_version/reused/for_instance_chm_gt_0p5m/topmost_gt_SCION_plot_31_annotated.tif,/home/maciej.wielgosz/Projects/segm/DL_model_version/reused/for_instance_chm_gt_0p5m/topmost_gt_SCION_plot_31_annotated.gpkg,2977537,295796,206656,25,0.25
for__SCION_plot_35_annotated,FOR-instance,SCION,dev,train,point_native,/home/maciej.wielgosz/Projects/segm/FOR-instance/SCION/plot_35_annotated.las,/home/maciej.wielgosz/Projects/segm/DL_model_version/pointcloud_dataset_0p25m/train/for__SCION_plot_35_annotated.npz,/home/maciej.wielgosz/Projects/segm/DL_model_version/reused/for_instance_chm_gt_0p5m/topmost_gt_SCION_plot_35_annotated.tif,/home/maciej.wielgosz/Projects/segm/DL_model_version/reused/for_instance_chm_gt_0p5m/topmost_gt_SCION_plot_35_annotated.gpkg,3184258,313512,216117,23,0.25
for__SCION_plot_39_annotated,FOR-instance,SCION,dev,val,point_native,/home/maciej.wielgosz/Projects/segm/FOR-instance/SCION/plot_39_annotated.las,/home/maciej.wielgosz/Projects/segm/DL_model_version/pointcloud_dataset_0p25m/val/for__SCION_plot_39_annotated.npz,/home/maciej.wielgosz/Projects/segm/DL_model_version/reused/for_instance_chm_gt_0p5m/topmost_gt_SCION_plot_39_annotated.tif,/home/maciej.wielgosz/Projects/segm/DL_model_version/reused/for_instance_chm_gt_0p5m/topmost_gt_SCION_plot_39_annotated.gpkg,1884678,216802,164428,48,0.25
for__SCION_plot_61_annotated,FOR-instance,SCION,test,test,point_native,/home/maciej.wielgosz/Projects/segm/FOR-instance/SCION/plot_61_annotated.las,/home/maciej.wielgosz/Projects/segm/DL_model_version/pointcloud_dataset_0p25m/test/for__SCION_plot_61_annotated.npz,/home/maciej.wielgosz/Projects/segm/DL_model_version/reused/for_instance_chm_gt_0p5m/topmost_gt_SCION_plot_61_annotated.tif,/home/maciej.wielgosz/Projects/segm/DL_model_version/reused/for_instance_chm_gt_0p5m/topmost_gt_SCION_plot_61_annotated.gpkg,3589254,332279,196946,18,0.25
for__SCION_plot_87_annotated,FOR-instance,SCION,dev,train,point_native,/home/maciej.wielgosz/Projects/segm/FOR-instance/SCION/plot_87_annotated.las,/home/maciej.wielgosz/Projects/segm/DL_model_version/pointcloud_dataset_0p25m/train/for__SCION_plot_87_annotated.npz,/home/maciej.wielgosz/Projects/segm/DL_model_version/reused/for_instance_chm_gt_0p5m/topmost_gt_SCION_plot_87_annotated.tif,/home/maciej.wielgosz/Projects/segm/DL_model_version/reused/for_instance_chm_gt_0p5m/topmost_gt_SCION_plot_87_annotated.gpkg,3311297,285353,198621,21,0.25
for__TUWIEN_test,FOR-instance,TUWIEN,test,test,point_native,/home/maciej.wielgosz/Projects/segm/FOR-instance/TUWIEN/test.las,/home/maciej.wielgosz/Projects/segm/DL_model_version/pointcloud_dataset_0p25m/test/for__TUWIEN_test.npz,/home/maciej.wielgosz/Projects/segm/DL_model_version/reused/for_instance_chm_gt_0p5m/topmost_gt_TUWIEN_test.tif,/home/maciej.wielgosz/Projects/segm/DL_model_version/reused/for_instance_chm_gt_0p5m/topmost_gt_TUWIEN_test.gpkg,2280049,350320,163346,35,0.25
for__TUWIEN_train,FOR-instance,TUWIEN,dev,train,point_native,/home/maciej.wielgosz/Projects/segm/FOR-instance/TUWIEN/train.las,/home/maciej.wielgosz/Projects/segm/DL_model_version/pointcloud_dataset_0p25m/train/for__TUWIEN_train.npz,/home/maciej.wielgosz/Projects/segm/DL_model_version/reused/for_instance_chm_gt_0p5m/topmost_gt_TUWIEN_train.tif,/home/maciej.wielgosz/Projects/segm/DL_model_version/reused/for_instance_chm_gt_0p5m/topmost_gt_TUWIEN_train.gpkg,7568844,1046162,656951,115,0.25
ideas__cedar_cypress__plot_Kokonoe_10_annotated,ideas_als,CEDAR_CYPRESS,dev,train,point_native,/home/maciej.wielgosz/Projects/segm/ideas_als/CEDAR_CYPRESS/plot_Kokonoe_10_annotated.las,/home/maciej.wielgosz/Projects/segm/DL_model_version/pointcloud_dataset_0p25m/train/ideas__cedar_cypress__plot_Kokonoe_10_annotated.npz,,,477953,79305,31013,42,0.25
ideas__cedar_cypress__plot_Kokonoe_11_annotated,ideas_als,CEDAR_CYPRESS,dev,train,point_native,/home/maciej.wielgosz/Projects/segm/ideas_als/CEDAR_CYPRESS/plot_Kokonoe_11_annotated.las,/home/maciej.wielgosz/Projects/segm/DL_model_version/pointcloud_dataset_0p25m/train/ideas__cedar_cypress__plot_Kokonoe_11_annotated.npz,,,431802,85189,40955,41,0.25
ideas__cedar_cypress__plot_Kokonoe_12_annotated,ideas_als,CEDAR_CYPRESS,dev,train,point_native,/home/maciej.wielgosz/Projects/segm/ideas_als/CEDAR_CYPRESS/plot_Kokonoe_12_annotated.las,/home/maciej.wielgosz/Projects/segm/DL_model_version/pointcloud_dataset_0p25m/train/ideas__cedar_cypress__plot_Kokonoe_12_annotated.npz,,,646182,130006,57425,68,0.25
ideas__cedar_cypress__plot_Kokonoe_13_annotated,ideas_als,CEDAR_CYPRESS,dev,train,point_native,/home/maciej.wielgosz/Projects/segm/ideas_als/CEDAR_CYPRESS/plot_Kokonoe_13_annotated.las,/home/maciej.wielgosz/Projects/segm/DL_model_version/pointcloud_dataset_0p25m/train/ideas__cedar_cypress__plot_Kokonoe_13_annotated.npz,,,1220889,133381,58987,36,0.25
ideas__cedar_cypress__plot_Kokonoe_14_annotated,ideas_als,CEDAR_CYPRESS,dev,train,point_native,/home/maciej.wielgosz/Projects/segm/ideas_als/CEDAR_CYPRESS/plot_Kokonoe_14_annotated.las,/home/maciej.wielgosz/Projects/segm/DL_model_version/pointcloud_dataset_0p25m/train/ideas__cedar_cypress__plot_Kokonoe_14_annotated.npz,,,706106,115836,54020,48,0.25
ideas__cedar_cypress__plot_Kokonoe_15_annotated,ideas_als,CEDAR_CYPRESS,dev,train,point_native,/home/maciej.wielgosz/Projects/segm/ideas_als/CEDAR_CYPRESS/plot_Kokonoe_15_annotated.las,/home/maciej.wielgosz/Projects/segm/DL_model_version/pointcloud_dataset_0p25m/train/ideas__cedar_cypress__plot_Kokonoe_15_annotated.npz,,,991269,128902,57190,38,0.25
ideas__cedar_cypress__plot_Kokonoe_16_annotated,ideas_als,CEDAR_CYPRESS,dev,train,point_native,/home/maciej.wielgosz/Projects/segm/ideas_als/CEDAR_CYPRESS/plot_Kokonoe_16_annotated.las,/home/maciej.wielgosz/Projects/segm/DL_model_version/pointcloud_dataset_0p25m/train/ideas__cedar_cypress__plot_Kokonoe_16_annotated.npz,,,853846,106316,43881,40,0.25
ideas__cedar_cypress__plot_Kokonoe_17_annotated,ideas_als,CEDAR_CYPRESS,dev,train,point_native,/home/maciej.wielgosz/Projects/segm/ideas_als/CEDAR_CYPRESS/plot_Kokonoe_17_annotated.las,/home/maciej.wielgosz/Projects/segm/DL_model_version/pointcloud_dataset_0p25m/train/ideas__cedar_cypress__plot_Kokonoe_17_annotated.npz,,,719071,115144,49382,56,0.25
ideas__cedar_cypress__plot_Kokonoe_18_annotated,ideas_als,CEDAR_CYPRESS,dev,train,point_native,/home/maciej.wielgosz/Projects/segm/ideas_als/CEDAR_CYPRESS/plot_Kokonoe_18_annotated.las,/home/maciej.wielgosz/Projects/segm/DL_model_version/pointcloud_dataset_0p25m/train/ideas__cedar_cypress__plot_Kokonoe_18_annotated.npz,,,568102,104587,49652,73,0.25
ideas__cedar_cypress__plot_Kokonoe_1_annotated,ideas_als,CEDAR_CYPRESS,dev,train,point_native,/home/maciej.wielgosz/Projects/segm/ideas_als/CEDAR_CYPRESS/plot_Kokonoe_1_annotated.las,/home/maciej.wielgosz/Projects/segm/DL_model_version/pointcloud_dataset_0p25m/train/ideas__cedar_cypress__plot_Kokonoe_1_annotated.npz,,,567511,108686,50805,28,0.25
ideas__cedar_cypress__plot_Kokonoe_2_annotated,ideas_als,CEDAR_CYPRESS,dev,train,point_native,/home/maciej.wielgosz/Projects/segm/ideas_als/CEDAR_CYPRESS/plot_Kokonoe_2_annotated.las,/home/maciej.wielgosz/Projects/segm/DL_model_version/pointcloud_dataset_0p25m/train/ideas__cedar_cypress__plot_Kokonoe_2_annotated.npz,,,230207,55664,22470,41,0.25
ideas__cedar_cypress__plot_Kokonoe_3_annotated,ideas_als,CEDAR_CYPRESS,dev,train,point_native,/home/maciej.wielgosz/Projects/segm/ideas_als/CEDAR_CYPRESS/plot_Kokonoe_3_annotated.las,/home/maciej.wielgosz/Projects/segm/DL_model_version/pointcloud_dataset_0p25m/train/ideas__cedar_cypress__plot_Kokonoe_3_annotated.npz,,,823308,106077,47712,43,0.25
ideas__cedar_cypress__plot_Kokonoe_4_annotated,ideas_als,CEDAR_CYPRESS,dev,train,point_native,/home/maciej.wielgosz/Projects/segm/ideas_als/CEDAR_CYPRESS/plot_Kokonoe_4_annotated.las,/home/maciej.wielgosz/Projects/segm/DL_model_version/pointcloud_dataset_0p25m/train/ideas__cedar_cypress__plot_Kokonoe_4_annotated.npz,,,600288,105670,44136,70,0.25
ideas__cedar_cypress__plot_Kokonoe_5_annotated,ideas_als,CEDAR_CYPRESS,dev,train,point_native,/home/maciej.wielgosz/Projects/segm/ideas_als/CEDAR_CYPRESS/plot_Kokonoe_5_annotated.las,/home/maciej.wielgosz/Projects/segm/DL_model_version/pointcloud_dataset_0p25m/train/ideas__cedar_cypress__plot_Kokonoe_5_annotated.npz,,,577784,105833,42958,36,0.25
ideas__cedar_cypress__plot_Kokonoe_6_annotated,ideas_als,CEDAR_CYPRESS,dev,train,point_native,/home/maciej.wielgosz/Projects/segm/ideas_als/CEDAR_CYPRESS/plot_Kokonoe_6_annotated.las,/home/maciej.wielgosz/Projects/segm/DL_model_version/pointcloud_dataset_0p25m/train/ideas__cedar_cypress__plot_Kokonoe_6_annotated.npz,,,917286,129883,50017,29,0.25
ideas__cedar_cypress__plot_Kokonoe_7_annotated,ideas_als,CEDAR_CYPRESS,dev,train,point_native,/home/maciej.wielgosz/Projects/segm/ideas_als/CEDAR_CYPRESS/plot_Kokonoe_7_annotated.las,/home/maciej.wielgosz/Projects/segm/DL_model_version/pointcloud_dataset_0p25m/train/ideas__cedar_cypress__plot_Kokonoe_7_annotated.npz,,,715271,103670,42392,33,0.25
ideas__cedar_cypress__plot_Kokonoe_8_annotated,ideas_als,CEDAR_CYPRESS,dev,train,point_native,/home/maciej.wielgosz/Projects/segm/ideas_als/CEDAR_CYPRESS/plot_Kokonoe_8_annotated.las,/home/maciej.wielgosz/Projects/segm/DL_model_version/pointcloud_dataset_0p25m/train/ideas__cedar_cypress__plot_Kokonoe_8_annotated.npz,,,581377,106097,42267,34,0.25
ideas__cedar_cypress__plot_Kokonoe_9_annotated,ideas_als,CEDAR_CYPRESS,dev,train,point_native,/home/maciej.wielgosz/Projects/segm/ideas_als/CEDAR_CYPRESS/plot_Kokonoe_9_annotated.las,/home/maciej.wielgosz/Projects/segm/DL_model_version/pointcloud_dataset_0p25m/train/ideas__cedar_cypress__plot_Kokonoe_9_annotated.npz,,,766391,138702,50024,50,0.25
ideas__cedar_cypress__plot_Saiki_10_annotated,ideas_als,CEDAR_CYPRESS,dev,train,point_native,/home/maciej.wielgosz/Projects/segm/ideas_als/CEDAR_CYPRESS/plot_Saiki_10_annotated.las,/home/maciej.wielgosz/Projects/segm/DL_model_version/pointcloud_dataset_0p25m/train/ideas__cedar_cypress__plot_Saiki_10_annotated.npz,,,7526453,457597,195088,34,0.25
ideas__cedar_cypress__plot_Saiki_11_annotated,ideas_als,CEDAR_CYPRESS,dev,train,point_native,/home/maciej.wielgosz/Projects/segm/ideas_als/CEDAR_CYPRESS/plot_Saiki_11_annotated.las,/home/maciej.wielgosz/Projects/segm/DL_model_version/pointcloud_dataset_0p25m/train/ideas__cedar_cypress__plot_Saiki_11_annotated.npz,,,5983729,300905,131178,53,0.25
ideas__cedar_cypress__plot_Saiki_12_annotated,ideas_als,CEDAR_CYPRESS,dev,train,point_native,/home/maciej.wielgosz/Projects/segm/ideas_als/CEDAR_CYPRESS/plot_Saiki_12_annotated.las,/home/maciej.wielgosz/Projects/segm/DL_model_version/pointcloud_dataset_0p25m/train/ideas__cedar_cypress__plot_Saiki_12_annotated.npz,,,3146283,350646,151304,111,0.25
ideas__cedar_cypress__plot_Saiki_13_annotated,ideas_als,CEDAR_CYPRESS,dev,train,point_native,/home/maciej.wielgosz/Projects/segm/ideas_als/CEDAR_CYPRESS/plot_Saiki_13_annotated.las,/home/maciej.wielgosz/Projects/segm/DL_model_version/pointcloud_dataset_0p25m/train/ideas__cedar_cypress__plot_Saiki_13_annotated.npz,,,5190448,370232,130103,65,0.25
ideas__cedar_cypress__plot_Saiki_14_annotated,ideas_als,CEDAR_CYPRESS,dev,train,point_native,/home/maciej.wielgosz/Projects/segm/ideas_als/CEDAR_CYPRESS/plot_Saiki_14_annotated.las,/home/maciej.wielgosz/Projects/segm/DL_model_version/pointcloud_dataset_0p25m/train/ideas__cedar_cypress__plot_Saiki_14_annotated.npz,,,4689363,361001,169059,72,0.25
ideas__cedar_cypress__plot_Saiki_15_annotated,ideas_als,CEDAR_CYPRESS,dev,train,point_native,/home/maciej.wielgosz/Projects/segm/ideas_als/CEDAR_CYPRESS/plot_Saiki_15_annotated.las,/home/maciej.wielgosz/Projects/segm/DL_model_version/pointcloud_dataset_0p25m/train/ideas__cedar_cypress__plot_Saiki_15_annotated.npz,,,4881599,362463,158661,55,0.25
ideas__cedar_cypress__plot_Saiki_16_annotated,ideas_als,CEDAR_CYPRESS,dev,train,point_native,/home/maciej.wielgosz/Projects/segm/ideas_als/CEDAR_CYPRESS/plot_Saiki_16_annotated.las,/home/maciej.wielgosz/Projects/segm/DL_model_version/pointcloud_dataset_0p25m/train/ideas__cedar_cypress__plot_Saiki_16_annotated.npz,,,6776015,414526,173256,44,0.25
ideas__cedar_cypress__plot_Saiki_1_annotated,ideas_als,CEDAR_CYPRESS,dev,train,point_native,/home/maciej.wielgosz/Projects/segm/ideas_als/CEDAR_CYPRESS/plot_Saiki_1_annotated.las,/home/maciej.wielgosz/Projects/segm/DL_model_version/pointcloud_dataset_0p25m/train/ideas__cedar_cypress__plot_Saiki_1_annotated.npz,,,6252178,401741,129856,22,0.25
ideas__cedar_cypress__plot_Saiki_2_annotated,ideas_als,CEDAR_CYPRESS,dev,train,point_native,/home/maciej.wielgosz/Projects/segm/ideas_als/CEDAR_CYPRESS/plot_Saiki_2_annotated.las,/home/maciej.wielgosz/Projects/segm/DL_model_version/pointcloud_dataset_0p25m/train/ideas__cedar_cypress__plot_Saiki_2_annotated.npz,,,5784733,373625,160072,19,0.25
ideas__cedar_cypress__plot_Saiki_3_annotated,ideas_als,CEDAR_CYPRESS,dev,train,point_native,/home/maciej.wielgosz/Projects/segm/ideas_als/CEDAR_CYPRESS/plot_Saiki_3_annotated.las,/home/maciej.wielgosz/Projects/segm/DL_model_version/pointcloud_dataset_0p25m/train/ideas__cedar_cypress__plot_Saiki_3_annotated.npz,,,10275327,420886,152650,64,0.25
ideas__cedar_cypress__plot_Saiki_4_annotated,ideas_als,CEDAR_CYPRESS,dev,train,point_native,/home/maciej.wielgosz/Projects/segm/ideas_als/CEDAR_CYPRESS/plot_Saiki_4_annotated.las,/home/maciej.wielgosz/Projects/segm/DL_model_version/pointcloud_dataset_0p25m/train/ideas__cedar_cypress__plot_Saiki_4_annotated.npz,,,7325624,325849,135394,55,0.25
ideas__cedar_cypress__plot_Saiki_5_annotated,ideas_als,CEDAR_CYPRESS,dev,train,point_native,/home/maciej.wielgosz/Projects/segm/ideas_als/CEDAR_CYPRESS/plot_Saiki_5_annotated.las,/home/maciej.wielgosz/Projects/segm/DL_model_version/pointcloud_dataset_0p25m/train/ideas__cedar_cypress__plot_Saiki_5_annotated.npz,,,4601586,409442,159744,42,0.25
ideas__cedar_cypress__plot_Saiki_6_annotated,ideas_als,CEDAR_CYPRESS,dev,train,point_native,/home/maciej.wielgosz/Projects/segm/ideas_als/CEDAR_CYPRESS/plot_Saiki_6_annotated.las,/home/maciej.wielgosz/Projects/segm/DL_model_version/pointcloud_dataset_0p25m/train/ideas__cedar_cypress__plot_Saiki_6_annotated.npz,,,3005663,282572,121330,85,0.25
ideas__cedar_cypress__plot_Saiki_7_annotated,ideas_als,CEDAR_CYPRESS,dev,train,point_native,/home/maciej.wielgosz/Projects/segm/ideas_als/CEDAR_CYPRESS/plot_Saiki_7_annotated.las,/home/maciej.wielgosz/Projects/segm/DL_model_version/pointcloud_dataset_0p25m/train/ideas__cedar_cypress__plot_Saiki_7_annotated.npz,,,5234634,501425,234180,26,0.25
ideas__cedar_cypress__plot_Saiki_8_annotated,ideas_als,CEDAR_CYPRESS,dev,train,point_native,/home/maciej.wielgosz/Projects/segm/ideas_als/CEDAR_CYPRESS/plot_Saiki_8_annotated.las,/home/maciej.wielgosz/Projects/segm/DL_model_version/pointcloud_dataset_0p25m/train/ideas__cedar_cypress__plot_Saiki_8_annotated.npz,,,5365022,373427,155007,46,0.25
ideas__cedar_cypress__plot_Saiki_9_annotated,ideas_als,CEDAR_CYPRESS,dev,train,point_native,/home/maciej.wielgosz/Projects/segm/ideas_als/CEDAR_CYPRESS/plot_Saiki_9_annotated.las,/home/maciej.wielgosz/Projects/segm/DL_model_version/pointcloud_dataset_0p25m/train/ideas__cedar_cypress__plot_Saiki_9_annotated.npz,,,8454244,465697,195463,34,0.25
ideas__ecodse__plot_OSBS_001_annotated,ideas_als,ECODSE,dev,train,crown_overlay,/home/maciej.wielgosz/Projects/segm/ideas_als/ECODSE/plot_OSBS_001_annotated.las,/home/maciej.wielgosz/Projects/segm/DL_model_version/pointcloud_dataset_0p25m/train/ideas__ecodse__plot_OSBS_001_annotated.npz,,,29554,28858,1602,9,0.25
ideas__ecodse__plot_OSBS_003_annotated,ideas_als,ECODSE,dev,train,crown_overlay,/home/maciej.wielgosz/Projects/segm/ideas_als/ECODSE/plot_OSBS_003_annotated.las,/home/maciej.wielgosz/Projects/segm/DL_model_version/pointcloud_dataset_0p25m/train/ideas__ecodse__plot_OSBS_003_annotated.npz,,,20655,20655,430,7,0.25
ideas__ecodse__plot_OSBS_006_annotated,ideas_als,ECODSE,dev,train,crown_overlay,/home/maciej.wielgosz/Projects/segm/ideas_als/ECODSE/plot_OSBS_006_annotated.las,/home/maciej.wielgosz/Projects/segm/DL_model_version/pointcloud_dataset_0p25m/train/ideas__ecodse__plot_OSBS_006_annotated.npz,,,79115,65576,6843,15,0.25
ideas__ecodse__plot_OSBS_007_annotated,ideas_als,ECODSE,dev,train,crown_overlay,/home/maciej.wielgosz/Projects/segm/ideas_als/ECODSE/plot_OSBS_007_annotated.las,/home/maciej.wielgosz/Projects/segm/DL_model_version/pointcloud_dataset_0p25m/train/ideas__ecodse__plot_OSBS_007_annotated.npz,,,45297,43251,1576,7,0.25
ideas__ecodse__plot_OSBS_008_annotated,ideas_als,ECODSE,dev,train,crown_overlay,/home/maciej.wielgosz/Projects/segm/ideas_als/ECODSE/plot_OSBS_008_annotated.las,/home/maciej.wielgosz/Projects/segm/DL_model_version/pointcloud_dataset_0p25m/train/ideas__ecodse__plot_OSBS_008_annotated.npz,,,35035,32135,1212,14,0.25
ideas__ecodse__plot_OSBS_009_annotated,ideas_als,ECODSE,dev,train,crown_overlay,/home/maciej.wielgosz/Projects/segm/ideas_als/ECODSE/plot_OSBS_009_annotated.las,/home/maciej.wielgosz/Projects/segm/DL_model_version/pointcloud_dataset_0p25m/train/ideas__ecodse__plot_OSBS_009_annotated.npz,,,28873,26641,85,1,0.25
ideas__ecodse__plot_OSBS_010_annotated,ideas_als,ECODSE,dev,train,crown_overlay,/home/maciej.wielgosz/Projects/segm/ideas_als/ECODSE/plot_OSBS_010_annotated.las,/home/maciej.wielgosz/Projects/segm/DL_model_version/pointcloud_dataset_0p25m/train/ideas__ecodse__plot_OSBS_010_annotated.npz,,,35280,34542,358,7,0.25
ideas__ecodse__plot_OSBS_011_annotated,ideas_als,ECODSE,dev,train,crown_overlay,/home/maciej.wielgosz/Projects/segm/ideas_als/ECODSE/plot_OSBS_011_annotated.las,/home/maciej.wielgosz/Projects/segm/DL_model_version/pointcloud_dataset_0p25m/train/ideas__ecodse__plot_OSBS_011_annotated.npz,,,53183,49216,2616,8,0.25
ideas__ecodse__plot_OSBS_014_annotated,ideas_als,ECODSE,dev,train,crown_overlay,/home/maciej.wielgosz/Projects/segm/ideas_als/ECODSE/plot_OSBS_014_annotated.las,/home/maciej.wielgosz/Projects/segm/DL_model_version/pointcloud_dataset_0p25m/train/ideas__ecodse__plot_OSBS_014_annotated.npz,,,50842,46243,2184,9,0.25
ideas__ecodse__plot_OSBS_015_annotated,ideas_als,ECODSE,dev,train,crown_overlay,/home/maciej.wielgosz/Projects/segm/ideas_als/ECODSE/plot_OSBS_015_annotated.las,/home/maciej.wielgosz/Projects/segm/DL_model_version/pointcloud_dataset_0p25m/train/ideas__ecodse__plot_OSBS_015_annotated.npz,,,34369,30410,560,6,0.25
ideas__ecodse__plot_OSBS_016_annotated,ideas_als,ECODSE,dev,train,crown_overlay,/home/maciej.wielgosz/Projects/segm/ideas_als/ECODSE/plot_OSBS_016_annotated.las,/home/maciej.wielgosz/Projects/segm/DL_model_version/pointcloud_dataset_0p25m/train/ideas__ecodse__plot_OSBS_016_annotated.npz,,,21898,20398,994,17,0.25
ideas__ecodse__plot_OSBS_017_annotated,ideas_als,ECODSE,dev,train,crown_overlay,/home/maciej.wielgosz/Projects/segm/ideas_als/ECODSE/plot_OSBS_017_annotated.las,/home/maciej.wielgosz/Projects/segm/DL_model_version/pointcloud_dataset_0p25m/train/ideas__ecodse__plot_OSBS_017_annotated.npz,,,40639,37065,3251,17,0.25
ideas__ecodse__plot_OSBS_018_annotated,ideas_als,ECODSE,dev,train,crown_overlay,/home/maciej.wielgosz/Projects/segm/ideas_als/ECODSE/plot_OSBS_018_annotated.las,/home/maciej.wielgosz/Projects/segm/DL_model_version/pointcloud_dataset_0p25m/train/ideas__ecodse__plot_OSBS_018_annotated.npz,,,24010,21508,61,2,0.25
ideas__ecodse__plot_OSBS_019_annotated,ideas_als,ECODSE,dev,train,crown_overlay,/home/maciej.wielgosz/Projects/segm/ideas_als/ECODSE/plot_OSBS_019_annotated.las,/home/maciej.wielgosz/Projects/segm/DL_model_version/pointcloud_dataset_0p25m/train/ideas__ecodse__plot_OSBS_019_annotated.npz,,,29549,26685,421,4,0.25
ideas__ecodse__plot_OSBS_025_annotated,ideas_als,ECODSE,dev,train,crown_overlay,/home/maciej.wielgosz/Projects/segm/ideas_als/ECODSE/plot_OSBS_025_annotated.las,/home/maciej.wielgosz/Projects/segm/DL_model_version/pointcloud_dataset_0p25m/train/ideas__ecodse__plot_OSBS_025_annotated.npz,,,59455,52172,3660,20,0.25
ideas__ecodse__plot_OSBS_026_annotated,ideas_als,ECODSE,dev,train,crown_overlay,/home/maciej.wielgosz/Projects/segm/ideas_als/ECODSE/plot_OSBS_026_annotated.las,/home/maciej.wielgosz/Projects/segm/DL_model_version/pointcloud_dataset_0p25m/train/ideas__ecodse__plot_OSBS_026_annotated.npz,,,39238,37600,3778,24,0.25
ideas__ecodse__plot_OSBS_029_annotated,ideas_als,ECODSE,dev,train,crown_overlay,/home/maciej.wielgosz/Projects/segm/ideas_als/ECODSE/plot_OSBS_029_annotated.las,/home/maciej.wielgosz/Projects/segm/DL_model_version/pointcloud_dataset_0p25m/train/ideas__ecodse__plot_OSBS_029_annotated.npz,,,42485,35173,2062,23,0.25
ideas__ecodse__plot_OSBS_030_annotated,ideas_als,ECODSE,dev,train,crown_overlay,/home/maciej.wielgosz/Projects/segm/ideas_als/ECODSE/plot_OSBS_030_annotated.las,/home/maciej.wielgosz/Projects/segm/DL_model_version/pointcloud_dataset_0p25m/train/ideas__ecodse__plot_OSBS_030_annotated.npz,,,54386,50585,2254,12,0.25
ideas__ecodse__plot_OSBS_032_annotated,ideas_als,ECODSE,dev,train,crown_overlay,/home/maciej.wielgosz/Projects/segm/ideas_als/ECODSE/plot_OSBS_032_annotated.las,/home/maciej.wielgosz/Projects/segm/DL_model_version/pointcloud_dataset_0p25m/train/ideas__ecodse__plot_OSBS_032_annotated.npz,,,41875,40222,3687,37,0.25
ideas__ecodse__plot_OSBS_033_annotated,ideas_als,ECODSE,dev,train,crown_overlay,/home/maciej.wielgosz/Projects/segm/ideas_als/ECODSE/plot_OSBS_033_annotated.las,/home/maciej.wielgosz/Projects/segm/DL_model_version/pointcloud_dataset_0p25m/train/ideas__ecodse__plot_OSBS_033_annotated.npz,,,70900,60677,8933,60,0.25
ideas__ecodse__plot_OSBS_034_annotated,ideas_als,ECODSE,dev,train,crown_overlay,/home/maciej.wielgosz/Projects/segm/ideas_als/ECODSE/plot_OSBS_034_annotated.las,/home/maciej.wielgosz/Projects/segm/DL_model_version/pointcloud_dataset_0p25m/train/ideas__ecodse__plot_OSBS_034_annotated.npz,,,77639,71355,4201,15,0.25
ideas__ecodse__plot_OSBS_035_annotated,ideas_als,ECODSE,dev,train,crown_overlay,/home/maciej.wielgosz/Projects/segm/ideas_als/ECODSE/plot_OSBS_035_annotated.las,/home/maciej.wielgosz/Projects/segm/DL_model_version/pointcloud_dataset_0p25m/train/ideas__ecodse__plot_OSBS_035_annotated.npz,,,53779,49309,1031,8,0.25
ideas__ecodse__plot_OSBS_036_annotated,ideas_als,ECODSE,dev,train,crown_overlay,/home/maciej.wielgosz/Projects/segm/ideas_als/ECODSE/plot_OSBS_036_annotated.las,/home/maciej.wielgosz/Projects/segm/DL_model_version/pointcloud_dataset_0p25m/train/ideas__ecodse__plot_OSBS_036_annotated.npz,,,39935,38323,4928,36,0.25
ideas__ecodse__plot_OSBS_037_annotated,ideas_als,ECODSE,dev,train,crown_overlay,/home/maciej.wielgosz/Projects/segm/ideas_als/ECODSE/plot_OSBS_037_annotated.las,/home/maciej.wielgosz/Projects/segm/DL_model_version/pointcloud_dataset_0p25m/train/ideas__ecodse__plot_OSBS_037_annotated.npz,,,34627,30830,2577,23,0.25
ideas__ecodse__plot_OSBS_038_annotated,ideas_als,ECODSE,dev,train,crown_overlay,/home/maciej.wielgosz/Projects/segm/ideas_als/ECODSE/plot_OSBS_038_annotated.las,/home/maciej.wielgosz/Projects/segm/DL_model_version/pointcloud_dataset_0p25m/train/ideas__ecodse__plot_OSBS_038_annotated.npz,,,54059,50630,2059,11,0.25
ideas__ecodse__plot_OSBS_042_annotated,ideas_als,ECODSE,dev,train,crown_overlay,/home/maciej.wielgosz/Projects/segm/ideas_als/ECODSE/plot_OSBS_042_annotated.las,/home/maciej.wielgosz/Projects/segm/DL_model_version/pointcloud_dataset_0p25m/train/ideas__ecodse__plot_OSBS_042_annotated.npz,,,43696,39773,1879,13,0.25
ideas__ecodse__plot_OSBS_043_annotated,ideas_als,ECODSE,dev,train,crown_overlay,/home/maciej.wielgosz/Projects/segm/ideas_als/ECODSE/plot_OSBS_043_annotated.las,/home/maciej.wielgosz/Projects/segm/DL_model_version/pointcloud_dataset_0p25m/train/ideas__ecodse__plot_OSBS_043_annotated.npz,,,40292,36281,1090,8,0.25
ideas__ecodse__plot_OSBS_044_annotated,ideas_als,ECODSE,dev,train,crown_overlay,/home/maciej.wielgosz/Projects/segm/ideas_als/ECODSE/plot_OSBS_044_annotated.las,/home/maciej.wielgosz/Projects/segm/DL_model_version/pointcloud_dataset_0p25m/train/ideas__ecodse__plot_OSBS_044_annotated.npz,,,45097,41536,3130,22,0.25
ideas__ecodse__plot_OSBS_048_annotated,ideas_als,ECODSE,dev,train,crown_overlay,/home/maciej.wielgosz/Projects/segm/ideas_als/ECODSE/plot_OSBS_048_annotated.las,/home/maciej.wielgosz/Projects/segm/DL_model_version/pointcloud_dataset_0p25m/train/ideas__ecodse__plot_OSBS_048_annotated.npz,,,31190,28783,2951,9,0.25
ideas__ecodse__plot_OSBS_051_annotated,ideas_als,ECODSE,dev,train,crown_overlay,/home/maciej.wielgosz/Projects/segm/ideas_als/ECODSE/plot_OSBS_051_annotated.las,/home/maciej.wielgosz/Projects/segm/DL_model_version/pointcloud_dataset_0p25m/train/ideas__ecodse__plot_OSBS_051_annotated.npz,,,16336,16336,138,5,0.25
ideas__fgi_emit__plot_1001_annotated,ideas_als,FGI_EMIT,dev,train,point_native,/home/maciej.wielgosz/Projects/segm/ideas_als/FGI_EMIT/plot_1001_annotated.las,/home/maciej.wielgosz/Projects/segm/DL_model_version/pointcloud_dataset_0p25m/train/ideas__fgi_emit__plot_1001_annotated.npz,,,3092643,394180,330180,133,0.25
ideas__fgi_emit__plot_1003_annotated,ideas_als,FGI_EMIT,dev,train,point_native,/home/maciej.wielgosz/Projects/segm/ideas_als/FGI_EMIT/plot_1003_annotated.las,/home/maciej.wielgosz/Projects/segm/DL_model_version/pointcloud_dataset_0p25m/train/ideas__fgi_emit__plot_1003_annotated.npz,,,2308748,350344,270778,54,0.25
ideas__fgi_emit__plot_1005_annotated,ideas_als,FGI_EMIT,dev,train,point_native,/home/maciej.wielgosz/Projects/segm/ideas_als/FGI_EMIT/plot_1005_annotated.las,/home/maciej.wielgosz/Projects/segm/DL_model_version/pointcloud_dataset_0p25m/train/ideas__fgi_emit__plot_1005_annotated.npz,,,3068050,214678,124995,86,0.25
ideas__fgi_emit__plot_1009_annotated,ideas_als,FGI_EMIT,dev,train,point_native,/home/maciej.wielgosz/Projects/segm/ideas_als/FGI_EMIT/plot_1009_annotated.las,/home/maciej.wielgosz/Projects/segm/DL_model_version/pointcloud_dataset_0p25m/train/ideas__fgi_emit__plot_1009_annotated.npz,,,3859495,438411,331832,103,0.25
ideas__fgi_emit__plot_1010_annotated,ideas_als,FGI_EMIT,dev,train,point_native,/home/maciej.wielgosz/Projects/segm/ideas_als/FGI_EMIT/plot_1010_annotated.las,/home/maciej.wielgosz/Projects/segm/DL_model_version/pointcloud_dataset_0p25m/train/ideas__fgi_emit__plot_1010_annotated.npz,,,3622071,279649,165483,155,0.25
ideas__fgi_emit__plot_1013_annotated,ideas_als,FGI_EMIT,dev,train,point_native,/home/maciej.wielgosz/Projects/segm/ideas_als/FGI_EMIT/plot_1013_annotated.las,/home/maciej.wielgosz/Projects/segm/DL_model_version/pointcloud_dataset_0p25m/train/ideas__fgi_emit__plot_1013_annotated.npz,,,3618342,340960,193678,28,0.25
ideas__fgi_emit__plot_1019_annotated,ideas_als,FGI_EMIT,dev,train,point_native,/home/maciej.wielgosz/Projects/segm/ideas_als/FGI_EMIT/plot_1019_annotated.las,/home/maciej.wielgosz/Projects/segm/DL_model_version/pointcloud_dataset_0p25m/train/ideas__fgi_emit__plot_1019_annotated.npz,,,3764787,118754,35767,8,0.25
ideas__fgi_emit__plot_1020_annotated,ideas_als,FGI_EMIT,dev,train,point_native,/home/maciej.wielgosz/Projects/segm/ideas_als/FGI_EMIT/plot_1020_annotated.las,/home/maciej.wielgosz/Projects/segm/DL_model_version/pointcloud_dataset_0p25m/train/ideas__fgi_emit__plot_1020_annotated.npz,,,3521713,323056,223876,62,0.25
ideas__fgi_emit__plot_1022_annotated,ideas_als,FGI_EMIT,dev,train,point_native,/home/maciej.wielgosz/Projects/segm/ideas_als/FGI_EMIT/plot_1022_annotated.las,/home/maciej.wielgosz/Projects/segm/DL_model_version/pointcloud_dataset_0p25m/train/ideas__fgi_emit__plot_1022_annotated.npz,,,1667254,235953,181659,213,0.25
ideas__fgi_emit__plot_1023_annotated,ideas_als,FGI_EMIT,dev,train,point_native,/home/maciej.wielgosz/Projects/segm/ideas_als/FGI_EMIT/plot_1023_annotated.las,/home/maciej.wielgosz/Projects/segm/DL_model_version/pointcloud_dataset_0p25m/train/ideas__fgi_emit__plot_1023_annotated.npz,,,5510572,514354,363342,48,0.25
ideas__fgi_emit__plot_1024_annotated,ideas_als,FGI_EMIT,dev,train,point_native,/home/maciej.wielgosz/Projects/segm/ideas_als/FGI_EMIT/plot_1024_annotated.las,/home/maciej.wielgosz/Projects/segm/DL_model_version/pointcloud_dataset_0p25m/train/ideas__fgi_emit__plot_1024_annotated.npz,,,3432558,522331,416543,62,0.25
ideas__fgi_emit__plot_1027_annotated,ideas_als,FGI_EMIT,dev,train,point_native,/home/maciej.wielgosz/Projects/segm/ideas_als/FGI_EMIT/plot_1027_annotated.las,/home/maciej.wielgosz/Projects/segm/DL_model_version/pointcloud_dataset_0p25m/train/ideas__fgi_emit__plot_1027_annotated.npz,,,4056143,296874,207299,96,0.25
ideas__fgi_emit__plot_1031_annotated,ideas_als,FGI_EMIT,dev,train,point_native,/home/maciej.wielgosz/Projects/segm/ideas_als/FGI_EMIT/plot_1031_annotated.las,/home/maciej.wielgosz/Projects/segm/DL_model_version/pointcloud_dataset_0p25m/train/ideas__fgi_emit__plot_1031_annotated.npz,,,3158923,307988,218647,49,0.25
ideas__idtrees__plot_train_MLBS_10_annotated,ideas_als,IDTREES,dev,train,crown_overlay,/home/maciej.wielgosz/Projects/segm/ideas_als/IDTREES/plot_train_MLBS_10_annotated.las,/home/maciej.wielgosz/Projects/segm/DL_model_version/pointcloud_dataset_0p25m/train/ideas__idtrees__plot_train_MLBS_10_annotated.npz,,,5739,5573,4736,11,0.25
ideas__idtrees__plot_train_MLBS_11_annotated,ideas_als,IDTREES,dev,train,crown_overlay,/home/maciej.wielgosz/Projects/segm/ideas_als/IDTREES/plot_train_MLBS_11_annotated.las,/home/maciej.wielgosz/Projects/segm/DL_model_version/pointcloud_dataset_0p25m/train/ideas__idtrees__plot_train_MLBS_11_annotated.npz,,,10241,9759,7048,16,0.25
ideas__idtrees__plot_train_MLBS_12_annotated,ideas_als,IDTREES,dev,train,crown_overlay,/home/maciej.wielgosz/Projects/segm/ideas_als/IDTREES/plot_train_MLBS_12_annotated.las,/home/maciej.wielgosz/Projects/segm/DL_model_version/pointcloud_dataset_0p25m/train/ideas__idtrees__plot_train_MLBS_12_annotated.npz,,,9554,8793,6089,12,0.25
ideas__idtrees__plot_train_MLBS_13_annotated,ideas_als,IDTREES,dev,train,crown_overlay,/home/maciej.wielgosz/Projects/segm/ideas_als/IDTREES/plot_train_MLBS_13_annotated.las,/home/maciej.wielgosz/Projects/segm/DL_model_version/pointcloud_dataset_0p25m/train/ideas__idtrees__plot_train_MLBS_13_annotated.npz,,,5757,5627,4238,16,0.25
ideas__idtrees__plot_train_MLBS_14_annotated,ideas_als,IDTREES,dev,train,crown_overlay,/home/maciej.wielgosz/Projects/segm/ideas_als/IDTREES/plot_train_MLBS_14_annotated.las,/home/maciej.wielgosz/Projects/segm/DL_model_version/pointcloud_dataset_0p25m/train/ideas__idtrees__plot_train_MLBS_14_annotated.npz,,,15843,14940,12989,16,0.25
ideas__idtrees__plot_train_MLBS_15_annotated,ideas_als,IDTREES,dev,train,crown_overlay,/home/maciej.wielgosz/Projects/segm/ideas_als/IDTREES/plot_train_MLBS_15_annotated.las,/home/maciej.wielgosz/Projects/segm/DL_model_version/pointcloud_dataset_0p25m/train/ideas__idtrees__plot_train_MLBS_15_annotated.npz,,,10778,10145,6363,15,0.25
ideas__idtrees__plot_train_MLBS_16_annotated,ideas_als,IDTREES,dev,train,crown_overlay,/home/maciej.wielgosz/Projects/segm/ideas_als/IDTREES/plot_train_MLBS_16_annotated.las,/home/maciej.wielgosz/Projects/segm/DL_model_version/pointcloud_dataset_0p25m/train/ideas__idtrees__plot_train_MLBS_16_annotated.npz,,,15623,14602,10804,16,0.25
ideas__idtrees__plot_train_MLBS_17_annotated,ideas_als,IDTREES,dev,train,crown_overlay,/home/maciej.wielgosz/Projects/segm/ideas_als/IDTREES/plot_train_MLBS_17_annotated.las,/home/maciej.wielgosz/Projects/segm/DL_model_version/pointcloud_dataset_0p25m/train/ideas__idtrees__plot_train_MLBS_17_annotated.npz,,,8293,8065,5880,14,0.25
ideas__idtrees__plot_train_MLBS_18_annotated,ideas_als,IDTREES,dev,train,crown_overlay,/home/maciej.wielgosz/Projects/segm/ideas_als/IDTREES/plot_train_MLBS_18_annotated.las,/home/maciej.wielgosz/Projects/segm/DL_model_version/pointcloud_dataset_0p25m/train/ideas__idtrees__plot_train_MLBS_18_annotated.npz,,,6324,6123,4300,18,0.25
ideas__idtrees__plot_train_MLBS_19_annotated,ideas_als,IDTREES,dev,train,crown_overlay,/home/maciej.wielgosz/Projects/segm/ideas_als/IDTREES/plot_train_MLBS_19_annotated.las,/home/maciej.wielgosz/Projects/segm/DL_model_version/pointcloud_dataset_0p25m/train/ideas__idtrees__plot_train_MLBS_19_annotated.npz,,,6624,6410,5356,7,0.25
ideas__idtrees__plot_train_MLBS_1_annotated,ideas_als,IDTREES,dev,train,crown_overlay,/home/maciej.wielgosz/Projects/segm/ideas_als/IDTREES/plot_train_MLBS_1_annotated.las,/home/maciej.wielgosz/Projects/segm/DL_model_version/pointcloud_dataset_0p25m/train/ideas__idtrees__plot_train_MLBS_1_annotated.npz,,,12318,11427,8289,22,0.25
ideas__idtrees__plot_train_MLBS_20_annotated,ideas_als,IDTREES,dev,train,crown_overlay,/home/maciej.wielgosz/Projects/segm/ideas_als/IDTREES/plot_train_MLBS_20_annotated.las,/home/maciej.wielgosz/Projects/segm/DL_model_version/pointcloud_dataset_0p25m/train/ideas__idtrees__plot_train_MLBS_20_annotated.npz,,,11494,10783,9408,13,0.25
ideas__idtrees__plot_train_MLBS_21_annotated,ideas_als,IDTREES,dev,train,crown_overlay,/home/maciej.wielgosz/Projects/segm/ideas_als/IDTREES/plot_train_MLBS_21_annotated.las,/home/maciej.wielgosz/Projects/segm/DL_model_version/pointcloud_dataset_0p25m/train/ideas__idtrees__plot_train_MLBS_21_annotated.npz,,,11784,11082,8092,29,0.25
ideas__idtrees__plot_train_MLBS_22_annotated,ideas_als,IDTREES,dev,train,crown_overlay,/home/maciej.wielgosz/Projects/segm/ideas_als/IDTREES/plot_train_MLBS_22_annotated.las,/home/maciej.wielgosz/Projects/segm/DL_model_version/pointcloud_dataset_0p25m/train/ideas__idtrees__plot_train_MLBS_22_annotated.npz,,,9551,9061,7161,18,0.25
ideas__idtrees__plot_train_MLBS_23_annotated,ideas_als,IDTREES,dev,train,crown_overlay,/home/maciej.wielgosz/Projects/segm/ideas_als/IDTREES/plot_train_MLBS_23_annotated.las,/home/maciej.wielgosz/Projects/segm/DL_model_version/pointcloud_dataset_0p25m/train/ideas__idtrees__plot_train_MLBS_23_annotated.npz,,,7072,6779,5591,15,0.25
ideas__idtrees__plot_train_MLBS_24_annotated,ideas_als,IDTREES,dev,train,crown_overlay,/home/maciej.wielgosz/Projects/segm/ideas_als/IDTREES/plot_train_MLBS_24_annotated.las,/home/maciej.wielgosz/Projects/segm/DL_model_version/pointcloud_dataset_0p25m/train/ideas__idtrees__plot_train_MLBS_24_annotated.npz,,,10231,9508,6323,9,0.25
ideas__idtrees__plot_train_MLBS_25_annotated,ideas_als,IDTREES,dev,train,crown_overlay,/home/maciej.wielgosz/Projects/segm/ideas_als/IDTREES/plot_train_MLBS_25_annotated.las,/home/maciej.wielgosz/Projects/segm/DL_model_version/pointcloud_dataset_0p25m/train/ideas__idtrees__plot_train_MLBS_25_annotated.npz,,,5507,5507,4101,22,0.25
ideas__idtrees__plot_train_MLBS_26_annotated,ideas_als,IDTREES,dev,train,crown_overlay,/home/maciej.wielgosz/Projects/segm/ideas_als/IDTREES/plot_train_MLBS_26_annotated.las,/home/maciej.wielgosz/Projects/segm/DL_model_version/pointcloud_dataset_0p25m/train/ideas__idtrees__plot_train_MLBS_26_annotated.npz,,,5963,5963,5088,18,0.25
ideas__idtrees__plot_train_MLBS_27_annotated,ideas_als,IDTREES,dev,train,crown_overlay,/home/maciej.wielgosz/Projects/segm/ideas_als/IDTREES/plot_train_MLBS_27_annotated.las,/home/maciej.wielgosz/Projects/segm/DL_model_version/pointcloud_dataset_0p25m/train/ideas__idtrees__plot_train_MLBS_27_annotated.npz,,,10059,9614,7827,9,0.25
ideas__idtrees__plot_train_MLBS_28_annotated,ideas_als,IDTREES,dev,train,crown_overlay,/home/maciej.wielgosz/Projects/segm/ideas_als/IDTREES/plot_train_MLBS_28_annotated.las,/home/maciej.wielgosz/Projects/segm/DL_model_version/pointcloud_dataset_0p25m/train/ideas__idtrees__plot_train_MLBS_28_annotated.npz,,,10377,9859,7894,8,0.25
ideas__idtrees__plot_train_MLBS_29_annotated,ideas_als,IDTREES,dev,train,crown_overlay,/home/maciej.wielgosz/Projects/segm/ideas_als/IDTREES/plot_train_MLBS_29_annotated.las,/home/maciej.wielgosz/Projects/segm/DL_model_version/pointcloud_dataset_0p25m/train/ideas__idtrees__plot_train_MLBS_29_annotated.npz,,,8478,8221,6302,22,0.25
ideas__idtrees__plot_train_MLBS_2_annotated,ideas_als,IDTREES,dev,train,crown_overlay,/home/maciej.wielgosz/Projects/segm/ideas_als/IDTREES/plot_train_MLBS_2_annotated.las,/home/maciej.wielgosz/Projects/segm/DL_model_version/pointcloud_dataset_0p25m/train/ideas__idtrees__plot_train_MLBS_2_annotated.npz,,,11059,10529,8004,20,0.25
ideas__idtrees__plot_train_MLBS_30_annotated,ideas_als,IDTREES,dev,train,crown_overlay,/home/maciej.wielgosz/Projects/segm/ideas_als/IDTREES/plot_train_MLBS_30_annotated.las,/home/maciej.wielgosz/Projects/segm/DL_model_version/pointcloud_dataset_0p25m/train/ideas__idtrees__plot_train_MLBS_30_annotated.npz,,,9078,8601,5555,18,0.25
ideas__idtrees__plot_train_MLBS_31_annotated,ideas_als,IDTREES,dev,train,crown_overlay,/home/maciej.wielgosz/Projects/segm/ideas_als/IDTREES/plot_train_MLBS_31_annotated.las,/home/maciej.wielgosz/Projects/segm/DL_model_version/pointcloud_dataset_0p25m/train/ideas__idtrees__plot_train_MLBS_31_annotated.npz,,,9942,9418,6256,13,0.25
ideas__idtrees__plot_train_MLBS_32_annotated,ideas_als,IDTREES,dev,train,crown_overlay,/home/maciej.wielgosz/Projects/segm/ideas_als/IDTREES/plot_train_MLBS_32_annotated.las,/home/maciej.wielgosz/Projects/segm/DL_model_version/pointcloud_dataset_0p25m/train/ideas__idtrees__plot_train_MLBS_32_annotated.npz,,,11306,10702,9049,16,0.25
ideas__idtrees__plot_train_MLBS_33_annotated,ideas_als,IDTREES,dev,train,crown_overlay,/home/maciej.wielgosz/Projects/segm/ideas_als/IDTREES/plot_train_MLBS_33_annotated.las,/home/maciej.wielgosz/Projects/segm/DL_model_version/pointcloud_dataset_0p25m/train/ideas__idtrees__plot_train_MLBS_33_annotated.npz,,,9580,9161,6578,12,0.25
ideas__idtrees__plot_train_MLBS_34_annotated,ideas_als,IDTREES,dev,train,crown_overlay,/home/maciej.wielgosz/Projects/segm/ideas_als/IDTREES/plot_train_MLBS_34_annotated.las,/home/maciej.wielgosz/Projects/segm/DL_model_version/pointcloud_dataset_0p25m/train/ideas__idtrees__plot_train_MLBS_34_annotated.npz,,,4986,4986,3666,24,0.25
ideas__idtrees__plot_train_MLBS_35_annotated,ideas_als,IDTREES,dev,train,crown_overlay,/home/maciej.wielgosz/Projects/segm/ideas_als/IDTREES/plot_train_MLBS_35_annotated.las,/home/maciej.wielgosz/Projects/segm/DL_model_version/pointcloud_dataset_0p25m/train/ideas__idtrees__plot_train_MLBS_35_annotated.npz,,,10274,9765,7213,12,0.25
ideas__idtrees__plot_train_MLBS_36_annotated,ideas_als,IDTREES,dev,train,crown_overlay,/home/maciej.wielgosz/Projects/segm/ideas_als/IDTREES/plot_train_MLBS_36_annotated.las,/home/maciej.wielgosz/Projects/segm/DL_model_version/pointcloud_dataset_0p25m/train/ideas__idtrees__plot_train_MLBS_36_annotated.npz,,,9552,9087,7142,17,0.25
ideas__idtrees__plot_train_MLBS_37_annotated,ideas_als,IDTREES,dev,train,crown_overlay,/home/maciej.wielgosz/Projects/segm/ideas_als/IDTREES/plot_train_MLBS_37_annotated.las,/home/maciej.wielgosz/Projects/segm/DL_model_version/pointcloud_dataset_0p25m/train/ideas__idtrees__plot_train_MLBS_37_annotated.npz,,,10150,9705,7546,14,0.25
ideas__idtrees__plot_train_MLBS_38_annotated,ideas_als,IDTREES,dev,train,crown_overlay,/home/maciej.wielgosz/Projects/segm/ideas_als/IDTREES/plot_train_MLBS_38_annotated.las,/home/maciej.wielgosz/Projects/segm/DL_model_version/pointcloud_dataset_0p25m/train/ideas__idtrees__plot_train_MLBS_38_annotated.npz,,,10642,10162,6757,15,0.25
ideas__idtrees__plot_train_MLBS_39_annotated,ideas_als,IDTREES,dev,train,crown_overlay,/home/maciej.wielgosz/Projects/segm/ideas_als/IDTREES/plot_train_MLBS_39_annotated.las,/home/maciej.wielgosz/Projects/segm/DL_model_version/pointcloud_dataset_0p25m/train/ideas__idtrees__plot_train_MLBS_39_annotated.npz,,,7025,6851,4641,16,0.25
ideas__idtrees__plot_train_MLBS_3_annotated,ideas_als,IDTREES,dev,train,crown_overlay,/home/maciej.wielgosz/Projects/segm/ideas_als/IDTREES/plot_train_MLBS_3_annotated.las,/home/maciej.wielgosz/Projects/segm/DL_model_version/pointcloud_dataset_0p25m/train/ideas__idtrees__plot_train_MLBS_3_annotated.npz,,,10074,9685,6575,16,0.25
ideas__idtrees__plot_train_MLBS_40_annotated,ideas_als,IDTREES,dev,train,crown_overlay,/home/maciej.wielgosz/Projects/segm/ideas_als/IDTREES/plot_train_MLBS_40_annotated.las,/home/maciej.wielgosz/Projects/segm/DL_model_version/pointcloud_dataset_0p25m/train/ideas__idtrees__plot_train_MLBS_40_annotated.npz,,,7668,7508,5186,12,0.25
ideas__idtrees__plot_train_MLBS_41_annotated,ideas_als,IDTREES,dev,train,crown_overlay,/home/maciej.wielgosz/Projects/segm/ideas_als/IDTREES/plot_train_MLBS_41_annotated.las,/home/maciej.wielgosz/Projects/segm/DL_model_version/pointcloud_dataset_0p25m/train/ideas__idtrees__plot_train_MLBS_41_annotated.npz,,,8701,8335,5378,11,0.25
ideas__idtrees__plot_train_MLBS_42_annotated,ideas_als,IDTREES,dev,train,crown_overlay,/home/maciej.wielgosz/Projects/segm/ideas_als/IDTREES/plot_train_MLBS_42_annotated.las,/home/maciej.wielgosz/Projects/segm/DL_model_version/pointcloud_dataset_0p25m/train/ideas__idtrees__plot_train_MLBS_42_annotated.npz,,,8602,8244,6222,15,0.25
ideas__idtrees__plot_train_MLBS_43_annotated,ideas_als,IDTREES,dev,train,crown_overlay,/home/maciej.wielgosz/Projects/segm/ideas_als/IDTREES/plot_train_MLBS_43_annotated.las,/home/maciej.wielgosz/Projects/segm/DL_model_version/pointcloud_dataset_0p25m/train/ideas__idtrees__plot_train_MLBS_43_annotated.npz,,,10549,9988,8059,17,0.25
ideas__idtrees__plot_train_MLBS_44_annotated,ideas_als,IDTREES,dev,train,crown_overlay,/home/maciej.wielgosz/Projects/segm/ideas_als/IDTREES/plot_train_MLBS_44_annotated.las,/home/maciej.wielgosz/Projects/segm/DL_model_version/pointcloud_dataset_0p25m/train/ideas__idtrees__plot_train_MLBS_44_annotated.npz,,,8834,8486,5799,14,0.25
ideas__idtrees__plot_train_MLBS_45_annotated,ideas_als,IDTREES,dev,train,crown_overlay,/home/maciej.wielgosz/Projects/segm/ideas_als/IDTREES/plot_train_MLBS_45_annotated.las,/home/maciej.wielgosz/Projects/segm/DL_model_version/pointcloud_dataset_0p25m/train/ideas__idtrees__plot_train_MLBS_45_annotated.npz,,,9759,9313,6316,14,0.25
ideas__idtrees__plot_train_MLBS_46_annotated,ideas_als,IDTREES,dev,train,crown_overlay,/home/maciej.wielgosz/Projects/segm/ideas_als/IDTREES/plot_train_MLBS_46_annotated.las,/home/maciej.wielgosz/Projects/segm/DL_model_version/pointcloud_dataset_0p25m/train/ideas__idtrees__plot_train_MLBS_46_annotated.npz,,,9626,9128,7187,16,0.25
ideas__idtrees__plot_train_MLBS_4_annotated,ideas_als,IDTREES,dev,train,crown_overlay,/home/maciej.wielgosz/Projects/segm/ideas_als/IDTREES/plot_train_MLBS_4_annotated.las,/home/maciej.wielgosz/Projects/segm/DL_model_version/pointcloud_dataset_0p25m/train/ideas__idtrees__plot_train_MLBS_4_annotated.npz,,,4765,4765,3465,16,0.25
ideas__idtrees__plot_train_MLBS_5_annotated,ideas_als,IDTREES,dev,train,crown_overlay,/home/maciej.wielgosz/Projects/segm/ideas_als/IDTREES/plot_train_MLBS_5_annotated.las,/home/maciej.wielgosz/Projects/segm/DL_model_version/pointcloud_dataset_0p25m/train/ideas__idtrees__plot_train_MLBS_5_annotated.npz,,,10365,9921,5897,14,0.25
ideas__idtrees__plot_train_MLBS_6_annotated,ideas_als,IDTREES,dev,train,crown_overlay,/home/maciej.wielgosz/Projects/segm/ideas_als/IDTREES/plot_train_MLBS_6_annotated.las,/home/maciej.wielgosz/Projects/segm/DL_model_version/pointcloud_dataset_0p25m/train/ideas__idtrees__plot_train_MLBS_6_annotated.npz,,,9306,8864,6640,17,0.25
ideas__idtrees__plot_train_MLBS_8_annotated,ideas_als,IDTREES,dev,train,crown_overlay,/home/maciej.wielgosz/Projects/segm/ideas_als/IDTREES/plot_train_MLBS_8_annotated.las,/home/maciej.wielgosz/Projects/segm/DL_model_version/pointcloud_dataset_0p25m/train/ideas__idtrees__plot_train_MLBS_8_annotated.npz,,,8838,8429,6919,15,0.25
ideas__idtrees__plot_train_MLBS_9_annotated,ideas_als,IDTREES,dev,train,crown_overlay,/home/maciej.wielgosz/Projects/segm/ideas_als/IDTREES/plot_train_MLBS_9_annotated.las,/home/maciej.wielgosz/Projects/segm/DL_model_version/pointcloud_dataset_0p25m/train/ideas__idtrees__plot_train_MLBS_9_annotated.npz,,,11799,11068,7652,12,0.25
ideas__idtrees__plot_train_OSBS_10_annotated,ideas_als,IDTREES,dev,train,crown_overlay,/home/maciej.wielgosz/Projects/segm/ideas_als/IDTREES/plot_train_OSBS_10_annotated.las,/home/maciej.wielgosz/Projects/segm/DL_model_version/pointcloud_dataset_0p25m/train/ideas__idtrees__plot_train_OSBS_10_annotated.npz,,,2336,2261,707,8,0.25
ideas__idtrees__plot_train_OSBS_11_annotated,ideas_als,IDTREES,dev,train,crown_overlay,/home/maciej.wielgosz/Projects/segm/ideas_als/IDTREES/plot_train_OSBS_11_annotated.las,/home/maciej.wielgosz/Projects/segm/DL_model_version/pointcloud_dataset_0p25m/train/ideas__idtrees__plot_train_OSBS_11_annotated.npz,,,3051,2910,992,18,0.25
ideas__idtrees__plot_train_OSBS_12_annotated,ideas_als,IDTREES,dev,train,crown_overlay,/home/maciej.wielgosz/Projects/segm/ideas_als/IDTREES/plot_train_OSBS_12_annotated.las,/home/maciej.wielgosz/Projects/segm/DL_model_version/pointcloud_dataset_0p25m/train/ideas__idtrees__plot_train_OSBS_12_annotated.npz,,,3624,3123,928,10,0.25
ideas__idtrees__plot_train_OSBS_13_annotated,ideas_als,IDTREES,dev,train,crown_overlay,/home/maciej.wielgosz/Projects/segm/ideas_als/IDTREES/plot_train_OSBS_13_annotated.las,/home/maciej.wielgosz/Projects/segm/DL_model_version/pointcloud_dataset_0p25m/train/ideas__idtrees__plot_train_OSBS_13_annotated.npz,,,2589,2153,363,7,0.25
ideas__idtrees__plot_train_OSBS_14_annotated,ideas_als,IDTREES,dev,train,crown_overlay,/home/maciej.wielgosz/Projects/segm/ideas_als/IDTREES/plot_train_OSBS_14_annotated.las,/home/maciej.wielgosz/Projects/segm/DL_model_version/pointcloud_dataset_0p25m/train/ideas__idtrees__plot_train_OSBS_14_annotated.npz,,,2461,2380,557,14,0.25
ideas__idtrees__plot_train_OSBS_15_annotated,ideas_als,IDTREES,dev,train,crown_overlay,/home/maciej.wielgosz/Projects/segm/ideas_als/IDTREES/plot_train_OSBS_15_annotated.las,/home/maciej.wielgosz/Projects/segm/DL_model_version/pointcloud_dataset_0p25m/train/ideas__idtrees__plot_train_OSBS_15_annotated.npz,,,2191,2132,449,8,0.25
ideas__idtrees__plot_train_OSBS_16_annotated,ideas_als,IDTREES,dev,train,crown_overlay,/home/maciej.wielgosz/Projects/segm/ideas_als/IDTREES/plot_train_OSBS_16_annotated.las,/home/maciej.wielgosz/Projects/segm/DL_model_version/pointcloud_dataset_0p25m/train/ideas__idtrees__plot_train_OSBS_16_annotated.npz,,,1908,1806,258,2,0.25
ideas__idtrees__plot_train_OSBS_17_annotated,ideas_als,IDTREES,dev,train,crown_overlay,/home/maciej.wielgosz/Projects/segm/ideas_als/IDTREES/plot_train_OSBS_17_annotated.las,/home/maciej.wielgosz/Projects/segm/DL_model_version/pointcloud_dataset_0p25m/train/ideas__idtrees__plot_train_OSBS_17_annotated.npz,,,1372,1371,83,9,0.25
ideas__idtrees__plot_train_OSBS_18_annotated,ideas_als,IDTREES,dev,train,crown_overlay,/home/maciej.wielgosz/Projects/segm/ideas_als/IDTREES/plot_train_OSBS_18_annotated.las,/home/maciej.wielgosz/Projects/segm/DL_model_version/pointcloud_dataset_0p25m/train/ideas__idtrees__plot_train_OSBS_18_annotated.npz,,,4904,4525,1286,23,0.25
ideas__idtrees__plot_train_OSBS_19_annotated,ideas_als,IDTREES,dev,train,crown_overlay,/home/maciej.wielgosz/Projects/segm/ideas_als/IDTREES/plot_train_OSBS_19_annotated.las,/home/maciej.wielgosz/Projects/segm/DL_model_version/pointcloud_dataset_0p25m/train/ideas__idtrees__plot_train_OSBS_19_annotated.npz,,,3046,2762,279,8,0.25
ideas__idtrees__plot_train_OSBS_1_annotated,ideas_als,IDTREES,dev,train,crown_overlay,/home/maciej.wielgosz/Projects/segm/ideas_als/IDTREES/plot_train_OSBS_1_annotated.las,/home/maciej.wielgosz/Projects/segm/DL_model_version/pointcloud_dataset_0p25m/train/ideas__idtrees__plot_train_OSBS_1_annotated.npz,,,3055,2864,784,10,0.25
ideas__idtrees__plot_train_OSBS_20_annotated,ideas_als,IDTREES,dev,train,crown_overlay,/home/maciej.wielgosz/Projects/segm/ideas_als/IDTREES/plot_train_OSBS_20_annotated.las,/home/maciej.wielgosz/Projects/segm/DL_model_version/pointcloud_dataset_0p25m/train/ideas__idtrees__plot_train_OSBS_20_annotated.npz,,,2143,2070,377,14,0.25
ideas__idtrees__plot_train_OSBS_21_annotated,ideas_als,IDTREES,dev,train,crown_overlay,/home/maciej.wielgosz/Projects/segm/ideas_als/IDTREES/plot_train_OSBS_21_annotated.las,/home/maciej.wielgosz/Projects/segm/DL_model_version/pointcloud_dataset_0p25m/train/ideas__idtrees__plot_train_OSBS_21_annotated.npz,,,4160,3908,1291,22,0.25
ideas__idtrees__plot_train_OSBS_22_annotated,ideas_als,IDTREES,dev,train,crown_overlay,/home/maciej.wielgosz/Projects/segm/ideas_als/IDTREES/plot_train_OSBS_22_annotated.las,/home/maciej.wielgosz/Projects/segm/DL_model_version/pointcloud_dataset_0p25m/train/ideas__idtrees__plot_train_OSBS_22_annotated.npz,,,1237,1237,367,13,0.25
ideas__idtrees__plot_train_OSBS_23_annotated,ideas_als,IDTREES,dev,train,crown_overlay,/home/maciej.wielgosz/Projects/segm/ideas_als/IDTREES/plot_train_OSBS_23_annotated.las,/home/maciej.wielgosz/Projects/segm/DL_model_version/pointcloud_dataset_0p25m/train/ideas__idtrees__plot_train_OSBS_23_annotated.npz,,,3884,3573,2651,12,0.25
ideas__idtrees__plot_train_OSBS_24_annotated,ideas_als,IDTREES,dev,train,crown_overlay,/home/maciej.wielgosz/Projects/segm/ideas_als/IDTREES/plot_train_OSBS_24_annotated.las,/home/maciej.wielgosz/Projects/segm/DL_model_version/pointcloud_dataset_0p25m/train/ideas__idtrees__plot_train_OSBS_24_annotated.npz,,,3340,3200,1340,22,0.25
ideas__idtrees__plot_train_OSBS_25_annotated,ideas_als,IDTREES,dev,train,crown_overlay,/home/maciej.wielgosz/Projects/segm/ideas_als/IDTREES/plot_train_OSBS_25_annotated.las,/home/maciej.wielgosz/Projects/segm/DL_model_version/pointcloud_dataset_0p25m/train/ideas__idtrees__plot_train_OSBS_25_annotated.npz,,,3317,3155,1150,21,0.25
ideas__idtrees__plot_train_OSBS_26_annotated,ideas_als,IDTREES,dev,train,crown_overlay,/home/maciej.wielgosz/Projects/segm/ideas_als/IDTREES/plot_train_OSBS_26_annotated.las,/home/maciej.wielgosz/Projects/segm/DL_model_version/pointcloud_dataset_0p25m/train/ideas__idtrees__plot_train_OSBS_26_annotated.npz,,,3065,2880,801,15,0.25
ideas__idtrees__plot_train_OSBS_27_annotated,ideas_als,IDTREES,dev,train,crown_overlay,/home/maciej.wielgosz/Projects/segm/ideas_als/IDTREES/plot_train_OSBS_27_annotated.las,/home/maciej.wielgosz/Projects/segm/DL_model_version/pointcloud_dataset_0p25m/train/ideas__idtrees__plot_train_OSBS_27_annotated.npz,,,1449,1443,97,5,0.25
ideas__idtrees__plot_train_OSBS_28_annotated,ideas_als,IDTREES,dev,train,crown_overlay,/home/maciej.wielgosz/Projects/segm/ideas_als/IDTREES/plot_train_OSBS_28_annotated.las,/home/maciej.wielgosz/Projects/segm/DL_model_version/pointcloud_dataset_0p25m/train/ideas__idtrees__plot_train_OSBS_28_annotated.npz,,,4112,3675,1663,13,0.25
ideas__idtrees__plot_train_OSBS_29_annotated,ideas_als,IDTREES,dev,train,crown_overlay,/home/maciej.wielgosz/Projects/segm/ideas_als/IDTREES/plot_train_OSBS_29_annotated.las,/home/maciej.wielgosz/Projects/segm/DL_model_version/pointcloud_dataset_0p25m/train/ideas__idtrees__plot_train_OSBS_29_annotated.npz,,,1442,1442,247,18,0.25
ideas__idtrees__plot_train_OSBS_2_annotated,ideas_als,IDTREES,dev,train,crown_overlay,/home/maciej.wielgosz/Projects/segm/ideas_als/IDTREES/plot_train_OSBS_2_annotated.las,/home/maciej.wielgosz/Projects/segm/DL_model_version/pointcloud_dataset_0p25m/train/ideas__idtrees__plot_train_OSBS_2_annotated.npz,,,2288,2284,821,21,0.25
ideas__idtrees__plot_train_OSBS_30_annotated,ideas_als,IDTREES,dev,train,crown_overlay,/home/maciej.wielgosz/Projects/segm/ideas_als/IDTREES/plot_train_OSBS_30_annotated.las,/home/maciej.wielgosz/Projects/segm/DL_model_version/pointcloud_dataset_0p25m/train/ideas__idtrees__plot_train_OSBS_30_annotated.npz,,,1382,1382,790,9,0.25
ideas__idtrees__plot_train_OSBS_31_annotated,ideas_als,IDTREES,dev,train,crown_overlay,/home/maciej.wielgosz/Projects/segm/ideas_als/IDTREES/plot_train_OSBS_31_annotated.las,/home/maciej.wielgosz/Projects/segm/DL_model_version/pointcloud_dataset_0p25m/train/ideas__idtrees__plot_train_OSBS_31_annotated.npz,,,1494,1494,600,9,0.25
ideas__idtrees__plot_train_OSBS_32_annotated,ideas_als,IDTREES,dev,train,crown_overlay,/home/maciej.wielgosz/Projects/segm/ideas_als/IDTREES/plot_train_OSBS_32_annotated.las,/home/maciej.wielgosz/Projects/segm/DL_model_version/pointcloud_dataset_0p25m/train/ideas__idtrees__plot_train_OSBS_32_annotated.npz,,,1618,1618,864,12,0.25
ideas__idtrees__plot_train_OSBS_33_annotated,ideas_als,IDTREES,dev,train,crown_overlay,/home/maciej.wielgosz/Projects/segm/ideas_als/IDTREES/plot_train_OSBS_33_annotated.las,/home/maciej.wielgosz/Projects/segm/DL_model_version/pointcloud_dataset_0p25m/train/ideas__idtrees__plot_train_OSBS_33_annotated.npz,,,1630,1630,170,10,0.25
ideas__idtrees__plot_train_OSBS_34_annotated,ideas_als,IDTREES,dev,train,crown_overlay,/home/maciej.wielgosz/Projects/segm/ideas_als/IDTREES/plot_train_OSBS_34_annotated.las,/home/maciej.wielgosz/Projects/segm/DL_model_version/pointcloud_dataset_0p25m/train/ideas__idtrees__plot_train_OSBS_34_annotated.npz,,,2951,2820,588,14,0.25
ideas__idtrees__plot_train_OSBS_35_annotated,ideas_als,IDTREES,dev,train,crown_overlay,/home/maciej.wielgosz/Projects/segm/ideas_als/IDTREES/plot_train_OSBS_35_annotated.las,/home/maciej.wielgosz/Projects/segm/DL_model_version/pointcloud_dataset_0p25m/train/ideas__idtrees__plot_train_OSBS_35_annotated.npz,,,1908,1806,258,2,0.25
ideas__idtrees__plot_train_OSBS_36_annotated,ideas_als,IDTREES,dev,train,crown_overlay,/home/maciej.wielgosz/Projects/segm/ideas_als/IDTREES/plot_train_OSBS_36_annotated.las,/home/maciej.wielgosz/Projects/segm/DL_model_version/pointcloud_dataset_0p25m/train/ideas__idtrees__plot_train_OSBS_36_annotated.npz,,,2988,2800,1032,7,0.25
ideas__idtrees__plot_train_OSBS_37_annotated,ideas_als,IDTREES,dev,train,crown_overlay,/home/maciej.wielgosz/Projects/segm/ideas_als/IDTREES/plot_train_OSBS_37_annotated.las,/home/maciej.wielgosz/Projects/segm/DL_model_version/pointcloud_dataset_0p25m/train/ideas__idtrees__plot_train_OSBS_37_annotated.npz,,,3728,3565,1932,6,0.25
ideas__idtrees__plot_train_OSBS_38_annotated,ideas_als,IDTREES,dev,train,crown_overlay,/home/maciej.wielgosz/Projects/segm/ideas_als/IDTREES/plot_train_OSBS_38_annotated.las,/home/maciej.wielgosz/Projects/segm/DL_model_version/pointcloud_dataset_0p25m/train/ideas__idtrees__plot_train_OSBS_38_annotated.npz,,,1385,1385,141,6,0.25
ideas__idtrees__plot_train_OSBS_39_annotated,ideas_als,IDTREES,dev,train,crown_overlay,/home/maciej.wielgosz/Projects/segm/ideas_als/IDTREES/plot_train_OSBS_39_annotated.las,/home/maciej.wielgosz/Projects/segm/DL_model_version/pointcloud_dataset_0p25m/train/ideas__idtrees__plot_train_OSBS_39_annotated.npz,,,3311,3168,967,13,0.25
ideas__idtrees__plot_train_OSBS_3_annotated,ideas_als,IDTREES,dev,train,crown_overlay,/home/maciej.wielgosz/Projects/segm/ideas_als/IDTREES/plot_train_OSBS_3_annotated.las,/home/maciej.wielgosz/Projects/segm/DL_model_version/pointcloud_dataset_0p25m/train/ideas__idtrees__plot_train_OSBS_3_annotated.npz,,,2315,2198,371,15,0.25
ideas__idtrees__plot_train_OSBS_4_annotated,ideas_als,IDTREES,dev,train,crown_overlay,/home/maciej.wielgosz/Projects/segm/ideas_als/IDTREES/plot_train_OSBS_4_annotated.las,/home/maciej.wielgosz/Projects/segm/DL_model_version/pointcloud_dataset_0p25m/train/ideas__idtrees__plot_train_OSBS_4_annotated.npz,,,1596,1596,208,12,0.25
ideas__idtrees__plot_train_OSBS_5_annotated,ideas_als,IDTREES,dev,train,crown_overlay,/home/maciej.wielgosz/Projects/segm/ideas_als/IDTREES/plot_train_OSBS_5_annotated.las,/home/maciej.wielgosz/Projects/segm/DL_model_version/pointcloud_dataset_0p25m/train/ideas__idtrees__plot_train_OSBS_5_annotated.npz,,,2008,1928,301,8,0.25
ideas__idtrees__plot_train_OSBS_6_annotated,ideas_als,IDTREES,dev,train,crown_overlay,/home/maciej.wielgosz/Projects/segm/ideas_als/IDTREES/plot_train_OSBS_6_annotated.las,/home/maciej.wielgosz/Projects/segm/DL_model_version/pointcloud_dataset_0p25m/train/ideas__idtrees__plot_train_OSBS_6_annotated.npz,,,1235,1235,256,4,0.25
ideas__idtrees__plot_train_OSBS_7_annotated,ideas_als,IDTREES,dev,train,crown_overlay,/home/maciej.wielgosz/Projects/segm/ideas_als/IDTREES/plot_train_OSBS_7_annotated.las,/home/maciej.wielgosz/Projects/segm/DL_model_version/pointcloud_dataset_0p25m/train/ideas__idtrees__plot_train_OSBS_7_annotated.npz,,,1658,1658,444,18,0.25
ideas__idtrees__plot_train_OSBS_8_annotated,ideas_als,IDTREES,dev,train,crown_overlay,/home/maciej.wielgosz/Projects/segm/ideas_als/IDTREES/plot_train_OSBS_8_annotated.las,/home/maciej.wielgosz/Projects/segm/DL_model_version/pointcloud_dataset_0p25m/train/ideas__idtrees__plot_train_OSBS_8_annotated.npz,,,2795,2711,1070,9,0.25
ideas__idtrees__plot_train_OSBS_9_annotated,ideas_als,IDTREES,dev,train,crown_overlay,/home/maciej.wielgosz/Projects/segm/ideas_als/IDTREES/plot_train_OSBS_9_annotated.las,/home/maciej.wielgosz/Projects/segm/DL_model_version/pointcloud_dataset_0p25m/train/ideas__idtrees__plot_train_OSBS_9_annotated.npz,,,3404,3154,1061,5,0.25
ideas__la_palma__plot_1_annotated,ideas_als,LA_PALMA,dev,train,point_native,/home/maciej.wielgosz/Projects/segm/ideas_als/LA_PALMA/plot_1_annotated.las,/home/maciej.wielgosz/Projects/segm/DL_model_version/pointcloud_dataset_0p25m/train/ideas__la_palma__plot_1_annotated.npz,,,1279542,180621,102504,25,0.25
ideas__sepilok__plot_1_annotated,ideas_als,SEPILOK,dev,train,point_native,/home/maciej.wielgosz/Projects/segm/ideas_als/SEPILOK/plot_1_annotated.las,/home/maciej.wielgosz/Projects/segm/DL_model_version/pointcloud_dataset_0p25m/train/ideas__sepilok__plot_1_annotated.npz,,,1202626,854510,541077,90,0.25
ideas__wildforest3d__plot_10_annotated,ideas_als,WILDFOREST3D,dev,train,point_native,/home/maciej.wielgosz/Projects/segm/ideas_als/WILDFOREST3D/plot_10_annotated.las,/home/maciej.wielgosz/Projects/segm/DL_model_version/pointcloud_dataset_0p25m/train/ideas__wildforest3d__plot_10_annotated.npz,,,567709,292506,60926,56,0.25
ideas__wildforest3d__plot_12_annotated,ideas_als,WILDFOREST3D,dev,train,point_native,/home/maciej.wielgosz/Projects/segm/ideas_als/WILDFOREST3D/plot_12_annotated.las,/home/maciej.wielgosz/Projects/segm/DL_model_version/pointcloud_dataset_0p25m/train/ideas__wildforest3d__plot_12_annotated.npz,,,285062,170442,71230,92,0.25
ideas__wildforest3d__plot_13_annotated,ideas_als,WILDFOREST3D,dev,train,point_native,/home/maciej.wielgosz/Projects/segm/ideas_als/WILDFOREST3D/plot_13_annotated.las,/home/maciej.wielgosz/Projects/segm/DL_model_version/pointcloud_dataset_0p25m/train/ideas__wildforest3d__plot_13_annotated.npz,,,188590,126871,41665,65,0.25
ideas__wildforest3d__plot_14_annotated,ideas_als,WILDFOREST3D,dev,train,point_native,/home/maciej.wielgosz/Projects/segm/ideas_als/WILDFOREST3D/plot_14_annotated.las,/home/maciej.wielgosz/Projects/segm/DL_model_version/pointcloud_dataset_0p25m/train/ideas__wildforest3d__plot_14_annotated.npz,,,185852,110760,20040,23,0.25
ideas__wildforest3d__plot_15_annotated,ideas_als,WILDFOREST3D,dev,train,point_native,/home/maciej.wielgosz/Projects/segm/ideas_als/WILDFOREST3D/plot_15_annotated.las,/home/maciej.wielgosz/Projects/segm/DL_model_version/pointcloud_dataset_0p25m/train/ideas__wildforest3d__plot_15_annotated.npz,,,183915,112313,33651,34,0.25
ideas__wildforest3d__plot_16_annotated,ideas_als,WILDFOREST3D,dev,train,point_native,/home/maciej.wielgosz/Projects/segm/ideas_als/WILDFOREST3D/plot_16_annotated.las,/home/maciej.wielgosz/Projects/segm/DL_model_version/pointcloud_dataset_0p25m/train/ideas__wildforest3d__plot_16_annotated.npz,,,225667,139112,46060,93,0.25
ideas__wildforest3d__plot_17_annotated,ideas_als,WILDFOREST3D,dev,train,point_native,/home/maciej.wielgosz/Projects/segm/ideas_als/WILDFOREST3D/plot_17_annotated.las,/home/maciej.wielgosz/Projects/segm/DL_model_version/pointcloud_dataset_0p25m/train/ideas__wildforest3d__plot_17_annotated.npz,,,170181,113368,40727,53,0.25
ideas__wildforest3d__plot_18_annotated,ideas_als,WILDFOREST3D,dev,train,point_native,/home/maciej.wielgosz/Projects/segm/ideas_als/WILDFOREST3D/plot_18_annotated.las,/home/maciej.wielgosz/Projects/segm/DL_model_version/pointcloud_dataset_0p25m/train/ideas__wildforest3d__plot_18_annotated.npz,,,146955,89522,18672,29,0.25
ideas__wildforest3d__plot_19_annotated,ideas_als,WILDFOREST3D,dev,train,point_native,/home/maciej.wielgosz/Projects/segm/ideas_als/WILDFOREST3D/plot_19_annotated.las,/home/maciej.wielgosz/Projects/segm/DL_model_version/pointcloud_dataset_0p25m/train/ideas__wildforest3d__plot_19_annotated.npz,,,168744,93162,33164,29,0.25
ideas__wildforest3d__plot_1_annotated,ideas_als,WILDFOREST3D,dev,train,point_native,/home/maciej.wielgosz/Projects/segm/ideas_als/WILDFOREST3D/plot_1_annotated.las,/home/maciej.wielgosz/Projects/segm/DL_model_version/pointcloud_dataset_0p25m/train/ideas__wildforest3d__plot_1_annotated.npz,,,205499,135003,42335,92,0.25
ideas__wildforest3d__plot_20_annotated,ideas_als,WILDFOREST3D,dev,train,point_native,/home/maciej.wielgosz/Projects/segm/ideas_als/WILDFOREST3D/plot_20_annotated.las,/home/maciej.wielgosz/Projects/segm/DL_model_version/pointcloud_dataset_0p25m/train/ideas__wildforest3d__plot_20_annotated.npz,,,98996,80213,23149,45,0.25
ideas__wildforest3d__plot_21_annotated,ideas_als,WILDFOREST3D,dev,train,point_native,/home/maciej.wielgosz/Projects/segm/ideas_als/WILDFOREST3D/plot_21_annotated.las,/home/maciej.wielgosz/Projects/segm/DL_model_version/pointcloud_dataset_0p25m/train/ideas__wildforest3d__plot_21_annotated.npz,,,80748,63966,23169,38,0.25
ideas__wildforest3d__plot_22_annotated,ideas_als,WILDFOREST3D,dev,train,point_native,/home/maciej.wielgosz/Projects/segm/ideas_als/WILDFOREST3D/plot_22_annotated.las,/home/maciej.wielgosz/Projects/segm/DL_model_version/pointcloud_dataset_0p25m/train/ideas__wildforest3d__plot_22_annotated.npz,,,185193,115249,47923,31,0.25
ideas__wildforest3d__plot_23_annotated,ideas_als,WILDFOREST3D,dev,train,point_native,/home/maciej.wielgosz/Projects/segm/ideas_als/WILDFOREST3D/plot_23_annotated.las,/home/maciej.wielgosz/Projects/segm/DL_model_version/pointcloud_dataset_0p25m/train/ideas__wildforest3d__plot_23_annotated.npz,,,141128,96048,33993,42,0.25
ideas__wildforest3d__plot_24_annotated,ideas_als,WILDFOREST3D,dev,train,point_native,/home/maciej.wielgosz/Projects/segm/ideas_als/WILDFOREST3D/plot_24_annotated.las,/home/maciej.wielgosz/Projects/segm/DL_model_version/pointcloud_dataset_0p25m/train/ideas__wildforest3d__plot_24_annotated.npz,,,190308,124417,38170,98,0.25
ideas__wildforest3d__plot_25_annotated,ideas_als,WILDFOREST3D,dev,train,point_native,/home/maciej.wielgosz/Projects/segm/ideas_als/WILDFOREST3D/plot_25_annotated.las,/home/maciej.wielgosz/Projects/segm/DL_model_version/pointcloud_dataset_0p25m/train/ideas__wildforest3d__plot_25_annotated.npz,,,134468,91430,25575,29,0.25
ideas__wildforest3d__plot_26_annotated,ideas_als,WILDFOREST3D,dev,train,point_native,/home/maciej.wielgosz/Projects/segm/ideas_als/WILDFOREST3D/plot_26_annotated.las,/home/maciej.wielgosz/Projects/segm/DL_model_version/pointcloud_dataset_0p25m/train/ideas__wildforest3d__plot_26_annotated.npz,,,190690,124603,46543,29,0.25
ideas__wildforest3d__plot_27_annotated,ideas_als,WILDFOREST3D,dev,train,point_native,/home/maciej.wielgosz/Projects/segm/ideas_als/WILDFOREST3D/plot_27_annotated.las,/home/maciej.wielgosz/Projects/segm/DL_model_version/pointcloud_dataset_0p25m/train/ideas__wildforest3d__plot_27_annotated.npz,,,268000,153037,59334,33,0.25
ideas__wildforest3d__plot_28_annotated,ideas_als,WILDFOREST3D,dev,train,point_native,/home/maciej.wielgosz/Projects/segm/ideas_als/WILDFOREST3D/plot_28_annotated.las,/home/maciej.wielgosz/Projects/segm/DL_model_version/pointcloud_dataset_0p25m/train/ideas__wildforest3d__plot_28_annotated.npz,,,232448,126978,41134,54,0.25
ideas__wildforest3d__plot_29_annotated,ideas_als,WILDFOREST3D,dev,train,point_native,/home/maciej.wielgosz/Projects/segm/ideas_als/WILDFOREST3D/plot_29_annotated.las,/home/maciej.wielgosz/Projects/segm/DL_model_version/pointcloud_dataset_0p25m/train/ideas__wildforest3d__plot_29_annotated.npz,,,228272,140379,50975,97,0.25
ideas__wildforest3d__plot_2_annotated,ideas_als,WILDFOREST3D,dev,train,point_native,/home/maciej.wielgosz/Projects/segm/ideas_als/WILDFOREST3D/plot_2_annotated.las,/home/maciej.wielgosz/Projects/segm/DL_model_version/pointcloud_dataset_0p25m/train/ideas__wildforest3d__plot_2_annotated.npz,,,322580,185806,55277,47,0.25
ideas__wildforest3d__plot_3_annotated,ideas_als,WILDFOREST3D,dev,train,point_native,/home/maciej.wielgosz/Projects/segm/ideas_als/WILDFOREST3D/plot_3_annotated.las,/home/maciej.wielgosz/Projects/segm/DL_model_version/pointcloud_dataset_0p25m/train/ideas__wildforest3d__plot_3_annotated.npz,,,484851,243870,71856,64,0.25
ideas__wildforest3d__plot_4_annotated,ideas_als,WILDFOREST3D,dev,train,point_native,/home/maciej.wielgosz/Projects/segm/ideas_als/WILDFOREST3D/plot_4_annotated.las,/home/maciej.wielgosz/Projects/segm/DL_model_version/pointcloud_dataset_0p25m/train/ideas__wildforest3d__plot_4_annotated.npz,,,455523,264458,63535,43,0.25
ideas__wildforest3d__plot_5_annotated,ideas_als,WILDFOREST3D,dev,train,point_native,/home/maciej.wielgosz/Projects/segm/ideas_als/WILDFOREST3D/plot_5_annotated.las,/home/maciej.wielgosz/Projects/segm/DL_model_version/pointcloud_dataset_0p25m/train/ideas__wildforest3d__plot_5_annotated.npz,,,381876,234248,44880,40,0.25
ideas__wildforest3d__plot_6_annotated,ideas_als,WILDFOREST3D,dev,train,point_native,/home/maciej.wielgosz/Projects/segm/ideas_als/WILDFOREST3D/plot_6_annotated.las,/home/maciej.wielgosz/Projects/segm/DL_model_version/pointcloud_dataset_0p25m/train/ideas__wildforest3d__plot_6_annotated.npz,,,243655,157268,50169,70,0.25
ideas__wildforest3d__plot_7_annotated,ideas_als,WILDFOREST3D,dev,train,point_native,/home/maciej.wielgosz/Projects/segm/ideas_als/WILDFOREST3D/plot_7_annotated.las,/home/maciej.wielgosz/Projects/segm/DL_model_version/pointcloud_dataset_0p25m/train/ideas__wildforest3d__plot_7_annotated.npz,,,313481,198162,46716,59,0.25
ideas__wildforest3d__plot_8_annotated,ideas_als,WILDFOREST3D,dev,train,point_native,/home/maciej.wielgosz/Projects/segm/ideas_als/WILDFOREST3D/plot_8_annotated.las,/home/maciej.wielgosz/Projects/segm/DL_model_version/pointcloud_dataset_0p25m/train/ideas__wildforest3d__plot_8_annotated.npz,,,305204,177560,58754,79,0.25
ideas__wildforest3d__plot_92_annotated,ideas_als,WILDFOREST3D,dev,train,point_native,/home/maciej.wielgosz/Projects/segm/ideas_als/WILDFOREST3D/plot_92_annotated.las,/home/maciej.wielgosz/Projects/segm/DL_model_version/pointcloud_dataset_0p25m/train/ideas__wildforest3d__plot_92_annotated.npz,,,259389,145610,44216,60,0.25
ideas__wildforest3d__plot_9_annotated,ideas_als,WILDFOREST3D,dev,train,point_native,/home/maciej.wielgosz/Projects/segm/ideas_als/WILDFOREST3D/plot_9_annotated.las,/home/maciej.wielgosz/Projects/segm/DL_model_version/pointcloud_dataset_0p25m/train/ideas__wildforest3d__plot_9_annotated.npz,,,189720,110665,32153,41,0.25
ideas__wytham__plot_1_annotated,ideas_als,WYTHAM,dev,train,point_native,/home/maciej.wielgosz/Projects/segm/ideas_als/WYTHAM/plot_1_annotated.las,/home/maciej.wielgosz/Projects/segm/DL_model_version/pointcloud_dataset_0p25m/train/ideas__wytham__plot_1_annotated.npz,,,54223,53233,53233,465,0.25
